"ScenarioID","Scenario","ReplicateID","Seed","recurrent_cycle_time_years","n_training_rlines","training_met_max_plots_per_location","n_recurrent_f5_candidates","n_final_r_lines","training_met_duration_years","ayt_duration_years","n_parent_cycles","latest_parent_mean_index_gv","cumulative_parent_index_gain","mean_parent_index_gain_per_cycle","mean_parent_index_gain_per_year","n_released_hybrids","mean_released_yield_gv","mean_ayt_yield_pheno","final_year"
1,"baseline_800_met12_ayt12",1,10001,2,800,200,50,30,1,1,5,4.60165335867608,1.7801237487939,0.445030937198475,0.222515468599238,60,2.58342203099458,2.62351934060442,15.3333333333333
1,"baseline_800_met12_ayt12",2,10002,2,800,200,50,30,1,1,5,3.85295227716324,1.79553980850017,0.448884952125043,0.224442476062521,60,2.06991081022824,1.98760087714595,15.3333333333333
1,"baseline_800_met12_ayt12",3,10003,2,800,200,50,30,1,1,5,5.36655468623584,1.84660035886313,0.461650089715782,0.230825044857891,60,2.27908278528208,2.2073203614145,15.3333333333333
1,"baseline_800_met12_ayt12",4,10004,2,800,200,50,30,1,1,5,3.73919439597447,1.04112252966879,0.260280632417197,0.130140316208598,60,2.27266650490821,2.28718286873142,15.3333333333333
1,"baseline_800_met12_ayt12",5,10005,2,800,200,50,30,1,1,5,3.42015259935651,1.62066129411712,0.40516532352928,0.20258266176464,58,1.32940154942385,1.32983749103495,15.3333333333333
1,"baseline_800_met12_ayt12",6,10006,2,800,200,50,30,1,1,5,4.31276278458236,2.05278012494394,0.513195031235984,0.256597515617992,58,1.506143370716,1.4847008074902,15.3333333333333
1,"baseline_800_met12_ayt12",7,10007,2,800,200,50,30,1,1,5,3.30519213003136,0.986031047824495,0.246507761956124,0.123253880978062,60,2.35320951209983,2.32946967951177,15.3333333333333
1,"baseline_800_met12_ayt12",8,10008,2,800,200,50,30,1,1,5,4.23567200445669,2.7611840561739,0.690296014043474,0.345148007021737,58,1.61658254363268,1.53836349807267,15.3333333333333
1,"baseline_800_met12_ayt12",9,10009,2,800,200,50,30,1,1,5,4.82790823497649,1.93720418672792,0.484301046681981,0.24215052334099,58,1.66542145580472,1.59766924510845,15.3333333333333
1,"baseline_800_met12_ayt12",10,10010,2,800,200,50,30,1,1,5,5.15725436004547,1.67194059113469,0.417985147783673,0.208992573891837,60,2.49352730654362,2.41086451449216,15.3333333333333
1,"baseline_800_met12_ayt12",11,10011,2,800,200,50,30,1,1,5,3.35536579396362,2.85182601188644,0.712956502971611,0.356478251485806,53,0.857243332586186,0.895328882569435,15.3333333333333
1,"baseline_800_met12_ayt12",12,10012,2,800,200,50,30,1,1,5,3.42649152973364,1.42980887430858,0.357452218577146,0.178726109288573,60,2.71689736497732,2.65180156103376,15.3333333333333
1,"baseline_800_met12_ayt12",13,10013,2,800,200,50,30,1,1,5,3.81891040640887,0.952887263758529,0.238221815939632,0.119110907969816,60,1.96968315870605,1.88692937491527,15.3333333333333
1,"baseline_800_met12_ayt12",14,10014,2,800,200,50,30,1,1,5,4.81605230639549,2.17098418338113,0.542746045845283,0.271373022922642,60,2.45138461785349,2.44674431558533,15.3333333333333
1,"baseline_800_met12_ayt12",15,10015,2,800,200,50,30,1,1,5,3.50658330916025,0.862222921710537,0.215555730427634,0.107777865213817,60,1.65236520536087,1.59698877424388,15.3333333333333
1,"baseline_800_met12_ayt12",16,10016,2,800,200,50,30,1,1,5,5.37105020751247,2.01893338404889,0.504733346012222,0.252366673006111,60,2.35968592314017,2.25023101326896,15.3333333333333
1,"baseline_800_met12_ayt12",17,10017,2,800,200,50,30,1,1,5,3.44878523648019,0.593414147041609,0.148353536760402,0.0741767683802011,60,1.41525988456541,1.41503186307727,15.3333333333333
1,"baseline_800_met12_ayt12",18,10018,2,800,200,50,30,1,1,5,4.3218908938032,1.12928656688361,0.282321641720903,0.141160820860451,60,2.08779025809701,1.83759925652926,15.3333333333333
1,"baseline_800_met12_ayt12",19,10019,2,800,200,50,30,1,1,5,3.57510121336611,1.05645457298588,0.264113643246471,0.132056821623235,52,0.87803791209369,0.815287912631252,15.3333333333333
1,"baseline_800_met12_ayt12",20,10020,2,800,200,50,30,1,1,5,2.94810825328256,-0.201408647421826,-0.0503521618554565,-0.0251760809277283,55,1.01347436005558,0.994361049235789,15.3333333333333
1,"baseline_800_met12_ayt12",21,10021,2,800,200,50,30,1,1,5,5.38079324897179,2.00557792865959,0.501394482164898,0.250697241082449,60,2.60808465109139,2.75347450109496,15.3333333333333
1,"baseline_800_met12_ayt12",22,10022,2,800,200,50,30,1,1,5,4.0725916413935,1.19723088769335,0.299307721923337,0.149653860961669,60,2.57707390163342,2.6045434078916,15.3333333333333
1,"baseline_800_met12_ayt12",23,10023,2,800,200,50,30,1,1,5,4.28815878807342,2.66621937413457,0.666554843533644,0.333277421766822,60,2.0712451457915,2.16037573055387,15.3333333333333
1,"baseline_800_met12_ayt12",24,10024,2,800,200,50,30,1,1,5,4.0182529470858,1.35246220293579,0.338115550733947,0.169057775366973,60,1.99575078755574,1.99635660180152,15.3333333333333
1,"baseline_800_met12_ayt12",25,10025,2,800,200,50,30,1,1,5,3.42563409258194,0.793363817405536,0.198340954351384,0.0991704771756919,59,1.52172911887083,1.4991541856959,15.3333333333333
1,"baseline_800_met12_ayt12",26,10026,2,800,200,50,30,1,1,5,6.54532240578269,3.08172486090336,0.77043121522584,0.38521560761292,60,2.74817077293526,2.77837944584558,15.3333333333333
1,"baseline_800_met12_ayt12",27,10027,2,800,200,50,30,1,1,5,2.90899782037023,0.46614820351989,0.116537050879972,0.0582685254399862,60,1.68280180646336,1.65013872993118,15.3333333333333
1,"baseline_800_met12_ayt12",28,10028,2,800,200,50,30,1,1,5,3.77728913687746,1.80553547620557,0.451383869051394,0.225691934525697,60,2.33502823283558,2.36783579293894,15.3333333333333
1,"baseline_800_met12_ayt12",29,10029,2,800,200,50,30,1,1,5,3.18079261438768,1.09068377424836,0.272670943562091,0.136335471781045,60,1.98122910048562,1.8864645244387,15.3333333333333
1,"baseline_800_met12_ayt12",30,10030,2,800,200,50,30,1,1,5,5.21884048342119,2.14005449002918,0.535013622507296,0.267506811253648,60,2.05701735056505,2.02243788002751,15.3333333333333
1,"baseline_800_met12_ayt12",31,10031,2,800,200,50,30,1,1,5,3.82910228806123,1.59023883123544,0.397559707808859,0.19877985390443,60,2.81736073549645,2.78944055737597,15.3333333333333
1,"baseline_800_met12_ayt12",32,10032,2,800,200,50,30,1,1,5,4.37554588919463,1.67177260192001,0.417943150480002,0.208971575240001,60,2.55416143428513,2.53007642291255,15.3333333333333
1,"baseline_800_met12_ayt12",33,10033,2,800,200,50,30,1,1,5,4.57376264703495,2.55538388520788,0.63884597130197,0.319422985650985,60,2.37575321488286,2.45608147922552,15.3333333333333
1,"baseline_800_met12_ayt12",34,10034,2,800,200,50,30,1,1,5,4.24774133546304,1.69018979885604,0.422547449714011,0.211273724857005,60,2.51222456922097,2.41704069822419,15.3333333333333
1,"baseline_800_met12_ayt12",35,10035,2,800,200,50,30,1,1,5,1.60409037960394,-0.454141551557323,-0.113535387889331,-0.0567676939446654,49,0.597874160914234,0.660771439799392,15.3333333333333
1,"baseline_800_met12_ayt12",36,10036,2,800,200,50,30,1,1,5,4.34901474125035,1.27507214564137,0.318768036410342,0.159384018205171,60,2.13663672266664,2.09333847706723,15.3333333333333
1,"baseline_800_met12_ayt12",37,10037,2,800,200,50,30,1,1,5,4.97159871787534,2.44294931518256,0.610737328795641,0.30536866439782,60,2.09055622255837,2.19019474396925,15.3333333333333
1,"baseline_800_met12_ayt12",38,10038,2,800,200,50,30,1,1,5,6.22211350045929,2.50249362155427,0.625623405388568,0.312811702694284,60,1.85088270419505,1.97912138115435,15.3333333333333
1,"baseline_800_met12_ayt12",39,10039,2,800,200,50,30,1,1,5,4.49214307897192,1.63903495727522,0.409758739318805,0.204879369659402,60,2.3828937492637,2.39962412063588,15.3333333333333
1,"baseline_800_met12_ayt12",40,10040,2,800,200,50,30,1,1,5,4.25471507867554,1.32626236424235,0.331565591060588,0.165782795530294,60,2.57355570283442,2.54992023420908,15.3333333333333
1,"baseline_800_met12_ayt12",41,10041,2,800,200,50,30,1,1,5,3.20160219492795,1.23771029875706,0.309427574689265,0.154713787344633,58,1.67191042449287,1.78588504656918,15.3333333333333
1,"baseline_800_met12_ayt12",42,10042,2,800,200,50,30,1,1,5,3.06577382508537,0.689008881766147,0.172252220441537,0.0861261102207684,60,1.40481706385259,1.46825758465192,15.3333333333333
1,"baseline_800_met12_ayt12",43,10043,2,800,200,50,30,1,1,5,4.81884279717873,1.79120577138705,0.447801442846763,0.223900721423381,60,2.56854975208552,2.52775535461414,15.3333333333333
1,"baseline_800_met12_ayt12",44,10044,2,800,200,50,30,1,1,5,4.4828231318961,1.43154081444145,0.357885203610364,0.178942601805182,60,2.49343840682489,2.53524085418739,15.3333333333333
1,"baseline_800_met12_ayt12",45,10045,2,800,200,50,30,1,1,5,3.74343407682561,1.59182895822182,0.397957239555456,0.198978619777728,60,1.77682565859283,1.67543837613967,15.3333333333333
1,"baseline_800_met12_ayt12",46,10046,2,800,200,50,30,1,1,5,3.49713447243107,0.52814042058511,0.132035105146277,0.0660175525731387,60,2.28988341640521,2.28079540127881,15.3333333333333
1,"baseline_800_met12_ayt12",47,10047,2,800,200,50,30,1,1,5,3.19043308021969,0.458729396709948,0.114682349177487,0.0573411745887435,59,1.7841531912102,1.71198401358226,15.3333333333333
1,"baseline_800_met12_ayt12",48,10048,2,800,200,50,30,1,1,5,4.1903706515806,0.767532517750717,0.191883129437679,0.0959415647188396,60,2.23937788698084,2.23931445889612,15.3333333333333
1,"baseline_800_met12_ayt12",49,10049,2,800,200,50,30,1,1,5,4.49838447029209,1.67629257058643,0.419073142646607,0.209536571323303,60,1.86644063360214,1.93290200570187,15.3333333333333
1,"baseline_800_met12_ayt12",50,10050,2,800,200,50,30,1,1,5,2.94885528519428,1.45492956469676,0.36373239117419,0.181866195587095,57,1.3721143038393,1.41915928740795,15.3333333333333
1,"baseline_800_met12_ayt12",51,10051,2,800,200,50,30,1,1,5,4.10030099525552,0.715498888030813,0.178874722007703,0.0894373610038516,60,3.07928519637707,2.99717500603089,15.3333333333333
1,"baseline_800_met12_ayt12",52,10052,2,800,200,50,30,1,1,5,4.83414403649817,1.16271618739373,0.290679046848431,0.145339523424216,60,2.45623467163773,2.40095197136211,15.3333333333333
1,"baseline_800_met12_ayt12",53,10053,2,800,200,50,30,1,1,5,4.17696076015679,1.69275843043804,0.423189607609511,0.211594803804756,60,2.86225188788553,2.87435476867172,15.3333333333333
1,"baseline_800_met12_ayt12",54,10054,2,800,200,50,30,1,1,5,1.47116902562509,-0.38540799685568,-0.09635199921392,-0.04817599960696,58,1.26773326152424,1.14704432494284,15.3333333333333
1,"baseline_800_met12_ayt12",55,10055,2,800,200,50,30,1,1,5,4.08543926364645,1.92434137915444,0.481085344788611,0.240542672394305,60,2.19615863079856,2.23260973191147,15.3333333333333
1,"baseline_800_met12_ayt12",56,10056,2,800,200,50,30,1,1,5,2.49963166564942,-0.493235608594793,-0.123308902148698,-0.0616544510743491,59,1.08584547830998,1.14857254263638,15.3333333333333
1,"baseline_800_met12_ayt12",57,10057,2,800,200,50,30,1,1,5,4.57840608424009,2.54532730639639,0.636331826599097,0.318165913299548,59,1.85516040305621,1.811191691127,15.3333333333333
1,"baseline_800_met12_ayt12",58,10058,2,800,200,50,30,1,1,5,5.3326034866319,2.07863426048807,0.519658565122018,0.259829282561009,60,2.5246376646084,2.48357717419662,15.3333333333333
1,"baseline_800_met12_ayt12",59,10059,2,800,200,50,30,1,1,5,4.7857644030017,0.851550255480598,0.21288756387015,0.106443781935075,60,2.54039535199288,2.51069653614273,15.3333333333333
1,"baseline_800_met12_ayt12",60,10060,2,800,200,50,30,1,1,5,4.51451848020534,0.940926415913095,0.235231603978274,0.117615801989137,60,2.74308019145429,2.61928773379594,15.3333333333333
1,"baseline_800_met12_ayt12",61,10061,2,800,200,50,30,1,1,5,3.34333710787956,1.39599094711673,0.348997736779183,0.174498868389592,60,1.49517994714707,1.58897887711937,15.3333333333333
1,"baseline_800_met12_ayt12",62,10062,2,800,200,50,30,1,1,5,4.10740955198652,0.914063703126069,0.228515925781517,0.114257962890759,60,2.22395488659006,2.18010149432429,15.3333333333333
1,"baseline_800_met12_ayt12",63,10063,2,800,200,50,30,1,1,5,4.27329754138492,0.577886093509218,0.144471523377304,0.0722357616886522,59,1.52102768471566,1.56266578325525,15.3333333333333
1,"baseline_800_met12_ayt12",64,10064,2,800,200,50,30,1,1,5,4.05730360759966,0.599020025488971,0.149755006372243,0.0748775031861214,59,1.89008396104661,1.81092347850336,15.3333333333333
1,"baseline_800_met12_ayt12",65,10065,2,800,200,50,30,1,1,5,4.22430438071418,1.56155806064844,0.39038951516211,0.195194757581055,60,2.33885755752515,2.31900102825,15.3333333333333
1,"baseline_800_met12_ayt12",66,10066,2,800,200,50,30,1,1,5,4.58341398778058,2.37637494926144,0.59409373731536,0.29704686865768,60,1.69814047353035,1.7063400837454,15.3333333333333
1,"baseline_800_met12_ayt12",67,10067,2,800,200,50,30,1,1,5,3.59210141848393,0.440452792911124,0.110113198227781,0.0550565991138905,60,2.06962416230187,2.08388682255619,15.3333333333333
1,"baseline_800_met12_ayt12",68,10068,2,800,200,50,30,1,1,5,4.26492741702248,2.24057235984057,0.560143089960142,0.280071544980071,60,2.45866513842595,2.49703049622997,15.3333333333333
1,"baseline_800_met12_ayt12",69,10069,2,800,200,50,30,1,1,5,4.95416086305572,2.17256308973776,0.543140772434439,0.27157038621722,60,1.7265553493652,1.89646675460338,15.3333333333333
1,"baseline_800_met12_ayt12",70,10070,2,800,200,50,30,1,1,5,3.43639159972754,1.91421024078441,0.478552560196103,0.239276280098052,58,1.4964065600023,1.45006081197178,15.3333333333333
1,"baseline_800_met12_ayt12",71,10071,2,800,200,50,30,1,1,5,5.39258460218567,2.81285490975721,0.703213727439302,0.351606863719651,60,3.21012665599231,3.15480771107574,15.3333333333333
1,"baseline_800_met12_ayt12",72,10072,2,800,200,50,30,1,1,5,3.74611429471022,1.49434457926219,0.373586144815547,0.186793072407774,60,1.55902127015342,1.83661289369539,15.3333333333333
1,"baseline_800_met12_ayt12",73,10073,2,800,200,50,30,1,1,5,4.087077175956,2.13392407575519,0.533481018938799,0.266740509469399,60,1.90277931679005,1.90065701331572,15.3333333333333
1,"baseline_800_met12_ayt12",74,10074,2,800,200,50,30,1,1,5,3.30920799904402,1.23635506056476,0.309088765141191,0.154544382570596,59,1.37794574650497,1.36367511698996,15.3333333333333
1,"baseline_800_met12_ayt12",75,10075,2,800,200,50,30,1,1,5,3.99742003804505,1.30924348532654,0.327310871331636,0.163655435665818,60,1.3174673919232,1.25691582751902,15.3333333333333
1,"baseline_800_met12_ayt12",76,10076,2,800,200,50,30,1,1,5,3.6508355878038,0.97377189739877,0.243442974349692,0.121721487174846,60,2.54996880031785,2.48936869404266,15.3333333333333
1,"baseline_800_met12_ayt12",77,10077,2,800,200,50,30,1,1,5,4.63799085806609,2.00514936258433,0.501287340646082,0.250643670323041,60,2.06807435451481,2.06591750751249,15.3333333333333
1,"baseline_800_met12_ayt12",78,10078,2,800,200,50,30,1,1,5,3.07352305537847,2.09251945977438,0.523129864943595,0.261564932471798,60,1.5679522456695,1.67643947121436,15.3333333333333
1,"baseline_800_met12_ayt12",79,10079,2,800,200,50,30,1,1,5,5.10217497097956,2.15831349094898,0.539578372737246,0.269789186368623,60,2.99834130208264,2.92992649921375,15.3333333333333
1,"baseline_800_met12_ayt12",80,10080,2,800,200,50,30,1,1,5,4.64250377598958,2.14665421439176,0.536663553597941,0.26833177679897,60,1.8881590066435,1.87054249430615,15.3333333333333
1,"baseline_800_met12_ayt12",81,10081,2,800,200,50,30,1,1,5,5.71156970952524,2.28161536203913,0.570403840509782,0.285201920254891,60,2.79735288788854,2.85647707630612,15.3333333333333
1,"baseline_800_met12_ayt12",82,10082,2,800,200,50,30,1,1,5,3.69756654968541,1.88261268846184,0.470653172115461,0.235326586057731,60,1.68495631645672,1.72817101330555,15.3333333333333
1,"baseline_800_met12_ayt12",83,10083,2,800,200,50,30,1,1,5,3.95702170120078,0.990588617253071,0.247647154313268,0.123823577156634,60,1.8120885694499,1.82414923432495,15.3333333333333
1,"baseline_800_met12_ayt12",84,10084,2,800,200,50,30,1,1,5,3.0174205043344,0.341629610495467,0.0854074026238667,0.0427037013119334,60,1.88920020608301,2.01241412754168,15.3333333333333
1,"baseline_800_met12_ayt12",85,10085,2,800,200,50,30,1,1,5,2.2211256079849,0.401375146788704,0.100343786697176,0.050171893348588,50,0.696740987168412,0.660560034087303,15.3333333333333
1,"baseline_800_met12_ayt12",86,10086,2,800,200,50,30,1,1,5,4.91028011690048,1.79103766924525,0.447759417311312,0.223879708655656,60,2.28091385156132,2.3806311295479,15.3333333333333
1,"baseline_800_met12_ayt12",87,10087,2,800,200,50,30,1,1,5,3.62831917551802,1.55296992275088,0.38824248068772,0.19412124034386,59,1.29018890808547,1.25046389882334,15.3333333333333
1,"baseline_800_met12_ayt12",88,10088,2,800,200,50,30,1,1,5,7.77454335768448,3.36957657185091,0.842394142962728,0.421197071481364,60,3.22786668850489,3.25740195998182,15.3333333333333
1,"baseline_800_met12_ayt12",89,10089,2,800,200,50,30,1,1,5,4.23733256539706,1.25310318708887,0.313275796772218,0.156637898386109,60,2.22696630593077,2.25794335478819,15.3333333333333
1,"baseline_800_met12_ayt12",90,10090,2,800,200,50,30,1,1,5,4.53359513304401,1.90106658795021,0.475266646987553,0.237633323493776,60,2.37934018372403,2.33225018299782,15.3333333333333
1,"baseline_800_met12_ayt12",91,10091,2,800,200,50,30,1,1,5,3.82971678192667,1.57715591915633,0.394288979789084,0.197144489894542,59,1.17812965125066,1.31402885760494,15.3333333333333
1,"baseline_800_met12_ayt12",92,10092,2,800,200,50,30,1,1,5,2.92873907022379,1.35391876759449,0.338479691898623,0.169239845949311,55,1.09100954798059,0.95392711676772,15.3333333333333
1,"baseline_800_met12_ayt12",93,10093,2,800,200,50,30,1,1,5,6.41265708953937,3.41514547950887,0.853786369877218,0.426893184938609,60,2.24684408630611,2.12694792146337,15.3333333333333
1,"baseline_800_met12_ayt12",94,10094,2,800,200,50,30,1,1,5,3.47926606603522,1.31818685886237,0.329546714715592,0.164773357357796,60,1.77900698454833,1.67094668541708,15.3333333333333
1,"baseline_800_met12_ayt12",95,10095,2,800,200,50,30,1,1,5,2.22457492854333,0.1556445061699,0.038911126542475,0.0194555632712375,57,0.978999867726503,1.05681813866891,15.3333333333333
1,"baseline_800_met12_ayt12",96,10096,2,800,200,50,30,1,1,5,5.80454199189313,2.50461821590399,0.626154553975999,0.313077276987999,60,2.06356210262919,2.03135888687689,15.3333333333333
1,"baseline_800_met12_ayt12",97,10097,2,800,200,50,30,1,1,5,4.01978657754419,0.944818570010147,0.236204642502537,0.118102321251268,60,1.9392738948303,1.7960194410088,15.3333333333333
1,"baseline_800_met12_ayt12",98,10098,2,800,200,50,30,1,1,5,4.30018714269865,1.61825446203761,0.404563615509402,0.202281807754701,60,2.53383179960377,2.47310592179747,15.3333333333333
1,"baseline_800_met12_ayt12",99,10099,2,800,200,50,30,1,1,5,3.45761025712604,1.56729930581097,0.391824826452743,0.195912413226372,59,1.48162733493469,1.48417717005781,15.3333333333333
1,"baseline_800_met12_ayt12",100,10100,2,800,200,50,30,1,1,5,1.75603425478305,-0.0225637302023804,-0.00564093255059511,-0.00282046627529756,40,0.58205847790528,0.484009274748045,15.3333333333333
2,"fast_partner_data_800_met6_ayt6",1,20001,2,800,200,50,30,0.5,0.5,5,3.51714294280077,1.3189299809231,0.329732495230774,0.164866247615387,60,1.99299637834092,2.07866459172881,14.3333333333333
2,"fast_partner_data_800_met6_ayt6",2,20002,2,800,200,50,30,0.5,0.5,5,2.86775354016777,0.476194443665455,0.119048610916364,0.0595243054581819,55,1.05405262521957,0.975386844823115,14.3333333333333
2,"fast_partner_data_800_met6_ayt6",3,20003,2,800,200,50,30,0.5,0.5,5,1.64927499799705,0.336932242493993,0.0842330606234983,0.0421165303117491,54,0.677162240966158,0.72440233325793,14.3333333333333
2,"fast_partner_data_800_met6_ayt6",4,20004,2,800,200,50,30,0.5,0.5,5,4.84342455767509,1.03831894574244,0.259579736435611,0.129789868217805,60,2.23944729638222,2.20697695358713,14.3333333333333
2,"fast_partner_data_800_met6_ayt6",5,20005,2,800,200,50,30,0.5,0.5,5,4.37697885886741,3.07939486542795,0.769848716356988,0.384924358178494,60,1.76130689255261,1.8326106551663,14.3333333333333
2,"fast_partner_data_800_met6_ayt6",6,20006,2,800,200,50,30,0.5,0.5,5,5.01101359925486,2.60733934526968,0.65183483631742,0.32591741815871,60,2.00399697862227,2.04870924503631,14.3333333333333
2,"fast_partner_data_800_met6_ayt6",7,20007,2,800,200,50,30,0.5,0.5,5,3.32667448457432,1.26453631339496,0.316134078348741,0.15806703917437,60,1.66694072129253,1.68411960401356,14.3333333333333
2,"fast_partner_data_800_met6_ayt6",8,20008,2,800,200,50,30,0.5,0.5,5,3.87266471742815,2.03122533218458,0.507806333046144,0.253903166523072,60,1.82782799901818,1.86629265989021,14.3333333333333
2,"fast_partner_data_800_met6_ayt6",9,20009,2,800,200,50,30,0.5,0.5,5,3.41505685902288,0.787789459566783,0.196947364891696,0.0984736824458479,60,2.21550076714986,2.17999245294125,14.3333333333333
2,"fast_partner_data_800_met6_ayt6",10,20010,2,800,200,50,30,0.5,0.5,5,3.54604171886214,0.272437202801806,0.0681093007004514,0.0340546503502257,60,1.87738165033948,1.93666889267396,14.3333333333333
2,"fast_partner_data_800_met6_ayt6",11,20011,2,800,200,50,30,0.5,0.5,5,4.84164328389431,2.28456585010322,0.571141462525804,0.285570731262902,60,2.1749148233657,2.31066380767583,14.3333333333333
2,"fast_partner_data_800_met6_ayt6",12,20012,2,800,200,50,30,0.5,0.5,5,4.62175507508342,0.748257361955158,0.18706434048879,0.0935321702443948,59,2.07142546179812,1.96349390499015,14.3333333333333
2,"fast_partner_data_800_met6_ayt6",13,20013,2,800,200,50,30,0.5,0.5,5,2.60197425652945,0.586442151960467,0.146610537990117,0.0733052689950584,60,1.72270298225379,1.76950147413748,14.3333333333333
2,"fast_partner_data_800_met6_ayt6",14,20014,2,800,200,50,30,0.5,0.5,5,2.19308377587361,0.698566074976115,0.174641518744029,0.0873207593720144,53,0.816191492667471,0.805204670071014,14.3333333333333
2,"fast_partner_data_800_met6_ayt6",15,20015,2,800,200,50,30,0.5,0.5,5,2.69939789149402,1.03033665906188,0.25758416476547,0.128792082382735,58,1.24731087133963,1.24277440303597,14.3333333333333
2,"fast_partner_data_800_met6_ayt6",16,20016,2,800,200,50,30,0.5,0.5,5,6.26520176820918,3.03791406862245,0.759478517155611,0.379739258577806,60,3.11108132724671,3.08384793694416,14.3333333333333
2,"fast_partner_data_800_met6_ayt6",17,20017,2,800,200,50,30,0.5,0.5,5,4.29305247777756,2.07794910351285,0.519487275878213,0.259743637939107,60,1.54421721098528,1.51215670542134,14.3333333333333
2,"fast_partner_data_800_met6_ayt6",18,20018,2,800,200,50,30,0.5,0.5,5,4.51114753095105,1.91146047679576,0.47786511919894,0.23893255959947,60,2.41155947133766,2.25973687433346,14.3333333333333
2,"fast_partner_data_800_met6_ayt6",19,20019,2,800,200,50,30,0.5,0.5,5,4.34561627181089,1.95401486662291,0.488503716655728,0.244251858327864,59,1.98298982263011,1.94450834778566,14.3333333333333
2,"fast_partner_data_800_met6_ayt6",20,20020,2,800,200,50,30,0.5,0.5,5,3.29129608361371,1.24370930292993,0.310927325732483,0.155463662866242,60,1.93879701331287,1.91271203829423,14.3333333333333
2,"fast_partner_data_800_met6_ayt6",21,20021,2,800,200,50,30,0.5,0.5,5,4.80094422876198,2.71872346428461,0.679680866071151,0.339840433035576,60,1.97495457932262,1.93288754454762,14.3333333333333
2,"fast_partner_data_800_met6_ayt6",22,20022,2,800,200,50,30,0.5,0.5,5,4.78909338227125,1.19020375604323,0.297550939010806,0.148775469505403,60,2.59385140175581,2.59121157955444,14.3333333333333
2,"fast_partner_data_800_met6_ayt6",23,20023,2,800,200,50,30,0.5,0.5,5,5.5715263383476,2.50100732736067,0.625251831840167,0.312625915920084,60,2.49613373519932,2.39744588899784,14.3333333333333
2,"fast_partner_data_800_met6_ayt6",24,20024,2,800,200,50,30,0.5,0.5,5,4.16010615562279,2.13794469431362,0.534486173578404,0.267243086789202,60,1.74010213998559,1.78838447501964,14.3333333333333
2,"fast_partner_data_800_met6_ayt6",25,20025,2,800,200,50,30,0.5,0.5,5,3.93190413699231,2.13940459005151,0.534851147512878,0.267425573756439,58,1.36706517049219,1.34899776959989,14.3333333333333
2,"fast_partner_data_800_met6_ayt6",26,20026,2,800,200,50,30,0.5,0.5,5,3.97750047602746,1.43861765441332,0.35965441360333,0.179827206801665,60,1.35037828920595,1.15865943431016,14.3333333333333
2,"fast_partner_data_800_met6_ayt6",27,20027,2,800,200,50,30,0.5,0.5,5,5.14940831166004,1.39293480188477,0.348233700471192,0.174116850235596,60,2.90473058279815,2.88137049997238,14.3333333333333
2,"fast_partner_data_800_met6_ayt6",28,20028,2,800,200,50,30,0.5,0.5,5,4.60904346470926,2.20389304594471,0.550973261486177,0.275486630743089,60,2.89643536096578,2.78324978550288,14.3333333333333
2,"fast_partner_data_800_met6_ayt6",29,20029,2,800,200,50,30,0.5,0.5,5,4.90713088805704,2.66804992909844,0.667012482274609,0.333506241137304,60,2.16408767214727,2.04088899602757,14.3333333333333
2,"fast_partner_data_800_met6_ayt6",30,20030,2,800,200,50,30,0.5,0.5,5,3.93356049771578,0.412570823511034,0.103142705877759,0.0515713529388793,60,1.89191604430477,1.88713867372222,14.3333333333333
2,"fast_partner_data_800_met6_ayt6",31,20031,2,800,200,50,30,0.5,0.5,5,3.85025236240769,2.08830818594778,0.522077046486946,0.261038523243473,58,1.45625438723923,1.40742203796385,14.3333333333333
2,"fast_partner_data_800_met6_ayt6",32,20032,2,800,200,50,30,0.5,0.5,5,4.49798616453643,1.99170104749789,0.497925261874473,0.248962630937236,60,1.78293077990031,1.72775900348391,14.3333333333333
2,"fast_partner_data_800_met6_ayt6",33,20033,2,800,200,50,30,0.5,0.5,5,4.38583135134474,1.59808413232311,0.399521033080777,0.199760516540388,60,1.89856292052957,1.91058115577634,14.3333333333333
2,"fast_partner_data_800_met6_ayt6",34,20034,2,800,200,50,30,0.5,0.5,5,3.62075010566331,0.756616080827728,0.189154020206932,0.094577010103466,54,1.19586152124975,1.09522872882358,14.3333333333333
2,"fast_partner_data_800_met6_ayt6",35,20035,2,800,200,50,30,0.5,0.5,5,4.56956455136378,1.10331198493277,0.275827996233192,0.137913998116596,60,1.75700631347274,1.78377298789108,14.3333333333333
2,"fast_partner_data_800_met6_ayt6",36,20036,2,800,200,50,30,0.5,0.5,5,4.67275431254794,2.11845177265673,0.529612943164182,0.264806471582091,60,2.90507813957133,2.87552322653799,14.3333333333333
2,"fast_partner_data_800_met6_ayt6",37,20037,2,800,200,50,30,0.5,0.5,5,4.24771534441301,1.53810664664713,0.384526661661781,0.192263330830891,60,2.13315209509543,2.22330293793928,14.3333333333333
2,"fast_partner_data_800_met6_ayt6",38,20038,2,800,200,50,30,0.5,0.5,5,5.5565605301089,2.13836154841471,0.534590387103677,0.267295193551839,60,3.28730577425821,3.28210431125674,14.3333333333333
2,"fast_partner_data_800_met6_ayt6",39,20039,2,800,200,50,30,0.5,0.5,5,2.35579629260725,-0.179797309854773,-0.0449493274636933,-0.0224746637318466,43,0.622440688776995,0.459063432081621,14.3333333333333
2,"fast_partner_data_800_met6_ayt6",40,20040,2,800,200,50,30,0.5,0.5,5,2.69020573254368,0.728385377322208,0.182096344330552,0.0910481721652759,57,1.75039904290294,1.70300929361932,14.3333333333333
2,"fast_partner_data_800_met6_ayt6",41,20041,2,800,200,50,30,0.5,0.5,5,4.09554829288905,2.03151207701796,0.507878019254489,0.253939009627244,60,1.69062606157827,1.75259935298978,14.3333333333333
2,"fast_partner_data_800_met6_ayt6",42,20042,2,800,200,50,30,0.5,0.5,5,3.04549960057173,0.102078180698018,0.0255195451745046,0.0127597725872523,60,2.1760892847533,2.16691575380642,14.3333333333333
2,"fast_partner_data_800_met6_ayt6",43,20043,2,800,200,50,30,0.5,0.5,5,2.47538178745065,0.364796002999695,0.0911990007499237,0.0455995003749619,59,1.34924774987313,1.31787989566616,14.3333333333333
2,"fast_partner_data_800_met6_ayt6",44,20044,2,800,200,50,30,0.5,0.5,5,4.22545443489101,2.64296994962328,0.660742487405819,0.33037124370291,60,2.16308077094364,1.98296413944957,14.3333333333333
2,"fast_partner_data_800_met6_ayt6",45,20045,2,800,200,50,30,0.5,0.5,5,2.85092174046501,1.09778460679355,0.274446151698387,0.137223075849193,60,1.74714315779994,1.80598233658398,14.3333333333333
2,"fast_partner_data_800_met6_ayt6",46,20046,2,800,200,50,30,0.5,0.5,5,4.33816996190195,2.31108421258776,0.57777105314694,0.28888552657347,60,1.96770875908307,1.94148477914946,14.3333333333333
2,"fast_partner_data_800_met6_ayt6",47,20047,2,800,200,50,30,0.5,0.5,5,4.41029943002812,1.18052294728581,0.295130736821453,0.147565368410727,60,1.84318728040196,1.72768216763333,14.3333333333333
2,"fast_partner_data_800_met6_ayt6",48,20048,2,800,200,50,30,0.5,0.5,5,4.17205915281976,1.80764681266441,0.451911703166103,0.225955851583052,60,1.74564632568755,1.84940735921804,14.3333333333333
2,"fast_partner_data_800_met6_ayt6",49,20049,2,800,200,50,30,0.5,0.5,5,3.35759215658861,1.40279376149125,0.350698440372811,0.175349220186406,60,1.73835959996509,1.6742425366637,14.3333333333333
2,"fast_partner_data_800_met6_ayt6",50,20050,2,800,200,50,30,0.5,0.5,5,3.86329100444514,1.58358518968248,0.395896297420619,0.197948148710309,60,2.4416021633241,2.69878818178943,14.3333333333333
2,"fast_partner_data_800_met6_ayt6",51,20051,2,800,200,50,30,0.5,0.5,5,4.26845181968618,1.93309347837312,0.48327336959328,0.24163668479664,59,1.88187570685623,1.87464970661302,14.3333333333333
2,"fast_partner_data_800_met6_ayt6",52,20052,2,800,200,50,30,0.5,0.5,5,5.05620809970483,1.93483437803696,0.48370859450924,0.24185429725462,60,2.47307285548196,2.24883149435242,14.3333333333333
2,"fast_partner_data_800_met6_ayt6",53,20053,2,800,200,50,30,0.5,0.5,5,3.91846617943089,0.525810432433792,0.131452608108448,0.065726304054224,56,1.27639685972151,1.27355900167408,14.3333333333333
2,"fast_partner_data_800_met6_ayt6",54,20054,2,800,200,50,30,0.5,0.5,5,3.29937111644664,0.469920242439439,0.11748006060986,0.0587400303049299,60,1.90289183227603,1.86492609070738,14.3333333333333
2,"fast_partner_data_800_met6_ayt6",55,20055,2,800,200,50,30,0.5,0.5,5,3.729582203047,1.17893509546339,0.294733773865847,0.147366886932923,59,1.615759528354,1.61940372525481,14.3333333333333
2,"fast_partner_data_800_met6_ayt6",56,20056,2,800,200,50,30,0.5,0.5,5,3.17779327558231,1.70762794788807,0.426906986972019,0.213453493486009,60,1.87572688507935,1.92635757639515,14.3333333333333
2,"fast_partner_data_800_met6_ayt6",57,20057,2,800,200,50,30,0.5,0.5,5,4.9220285123631,1.22272171796835,0.305680429492087,0.152840214746044,60,2.23775063187253,2.30220558855244,14.3333333333333
2,"fast_partner_data_800_met6_ayt6",58,20058,2,800,200,50,30,0.5,0.5,5,3.21747127361857,1.0013897827623,0.250347445690574,0.125173722845287,60,2.19075080270203,2.03184212827159,14.3333333333333
2,"fast_partner_data_800_met6_ayt6",59,20059,2,800,200,50,30,0.5,0.5,5,2.47199065950289,0.415673049449399,0.10391826236235,0.0519591311811748,57,0.920611533989663,0.967297093735471,14.3333333333333
2,"fast_partner_data_800_met6_ayt6",60,20060,2,800,200,50,30,0.5,0.5,5,2.9735157718701,0.227831407998266,0.0569578519995665,0.0284789259997832,57,1.54155759828368,1.3908235690915,14.3333333333333
2,"fast_partner_data_800_met6_ayt6",61,20061,2,800,200,50,30,0.5,0.5,5,2.62940224493308,0.346924251724304,0.086731062931076,0.043365531465538,51,1.17806503957185,1.0032570208426,14.3333333333333
2,"fast_partner_data_800_met6_ayt6",62,20062,2,800,200,50,30,0.5,0.5,5,4.45638339035189,0.999363308500679,0.24984082712517,0.124920413562585,60,2.21671945991789,2.30816027483667,14.3333333333333
2,"fast_partner_data_800_met6_ayt6",63,20063,2,800,200,50,30,0.5,0.5,5,2.88256289273779,0.806226743554665,0.201556685888666,0.100778342944333,58,1.63629321434597,1.49294865740648,14.3333333333333
2,"fast_partner_data_800_met6_ayt6",64,20064,2,800,200,50,30,0.5,0.5,5,3.50794039849231,2.10362028880046,0.525905072200115,0.262952536100058,54,1.33267974106605,1.27047633883537,14.3333333333333
2,"fast_partner_data_800_met6_ayt6",65,20065,2,800,200,50,30,0.5,0.5,5,3.83658173025622,1.82984471667552,0.45746117916888,0.22873058958444,60,1.79092460986922,1.7866508213613,14.3333333333333
2,"fast_partner_data_800_met6_ayt6",66,20066,2,800,200,50,30,0.5,0.5,5,4.80563949739569,2.49055221954077,0.622638054885192,0.311319027442596,60,1.98514391869414,1.97350708854424,14.3333333333333
2,"fast_partner_data_800_met6_ayt6",67,20067,2,800,200,50,30,0.5,0.5,5,4.61173186049166,3.03788372196126,0.759470930490316,0.379735465245158,60,1.8385718709578,1.83461428479619,14.3333333333333
2,"fast_partner_data_800_met6_ayt6",68,20068,2,800,200,50,30,0.5,0.5,5,3.2796810006914,0.350995859421637,0.0877489648554092,0.0438744824277046,60,1.44235061539175,1.51081595551474,14.3333333333333
2,"fast_partner_data_800_met6_ayt6",69,20069,2,800,200,50,30,0.5,0.5,5,5.03031832432533,1.4994215503146,0.374855387578649,0.187427693789325,60,1.60469122847981,1.6220677564839,14.3333333333333
2,"fast_partner_data_800_met6_ayt6",70,20070,2,800,200,50,30,0.5,0.5,5,2.69203048822805,0.760003517752153,0.190000879438038,0.0950004397190191,59,1.59446937524407,1.54436236834149,14.3333333333333
2,"fast_partner_data_800_met6_ayt6",71,20071,2,800,200,50,30,0.5,0.5,5,2.62132543445863,0.686132476416749,0.171533119104187,0.0857665595520936,55,1.05280853851457,1.05610401848142,14.3333333333333
2,"fast_partner_data_800_met6_ayt6",72,20072,2,800,200,50,30,0.5,0.5,5,3.39698818645287,0.976072412277361,0.24401810306934,0.12200905153467,59,1.758993636038,1.78384236117175,14.3333333333333
2,"fast_partner_data_800_met6_ayt6",73,20073,2,800,200,50,30,0.5,0.5,5,4.80342462523948,2.54265390529309,0.635663476323272,0.317831738161636,60,1.92968921377331,1.93055086532502,14.3333333333333
2,"fast_partner_data_800_met6_ayt6",74,20074,2,800,200,50,30,0.5,0.5,5,4.36058437427707,2.03085910552429,0.507714776381073,0.253857388190537,60,2.63118142426267,2.55009621682477,14.3333333333333
2,"fast_partner_data_800_met6_ayt6",75,20075,2,800,200,50,30,0.5,0.5,5,3.93285853174435,1.38179223333913,0.345448058334782,0.172724029167391,60,2.63547080932252,2.56216316020777,14.3333333333333
2,"fast_partner_data_800_met6_ayt6",76,20076,2,800,200,50,30,0.5,0.5,5,0.721026785815859,-0.847238704991336,-0.211809676247834,-0.105904838123917,49,0.684722243231663,0.573633564967052,14.3333333333333
2,"fast_partner_data_800_met6_ayt6",77,20077,2,800,200,50,30,0.5,0.5,5,5.09665717894492,0.832115273237517,0.208028818309379,0.10401440915469,60,2.27943870111021,2.14931962477173,14.3333333333333
2,"fast_partner_data_800_met6_ayt6",78,20078,2,800,200,50,30,0.5,0.5,5,3.56474696743871,1.44255086613729,0.360637716534323,0.180318858267161,60,1.14410244285677,1.24198155021159,14.3333333333333
2,"fast_partner_data_800_met6_ayt6",79,20079,2,800,200,50,30,0.5,0.5,5,4.11075934675625,1.26642118461299,0.316605296153249,0.158302648076624,60,2.48548010786873,2.54046475028548,14.3333333333333
2,"fast_partner_data_800_met6_ayt6",80,20080,2,800,200,50,30,0.5,0.5,5,2.43010603691721,0.0695700073877203,0.0173925018469301,0.00869625092346504,59,1.28173067976446,1.15285445909376,14.3333333333333
2,"fast_partner_data_800_met6_ayt6",81,20081,2,800,200,50,30,0.5,0.5,5,3.92024115673486,1.66635584244495,0.416588960611237,0.208294480305618,59,1.24347046077758,1.34585235915744,14.3333333333333
2,"fast_partner_data_800_met6_ayt6",82,20082,2,800,200,50,30,0.5,0.5,5,2.30646074600466,0.769189595849014,0.192297398962254,0.0961486994811268,48,0.641688728026739,0.588945262160309,14.3333333333333
2,"fast_partner_data_800_met6_ayt6",83,20083,2,800,200,50,30,0.5,0.5,5,6.17069113045807,3.14961601432716,0.787404003581789,0.393702001790894,59,1.89027488891178,1.8589994250464,14.3333333333333
2,"fast_partner_data_800_met6_ayt6",84,20084,2,800,200,50,30,0.5,0.5,5,2.56476174647731,0.455997070682898,0.113999267670725,0.0569996338353623,60,2.10429324240202,2.13946818101473,14.3333333333333
2,"fast_partner_data_800_met6_ayt6",85,20085,2,800,200,50,30,0.5,0.5,5,3.80882923562323,1.69707611379611,0.424269028449027,0.212134514224513,60,2.29791314963971,2.31077924396611,14.3333333333333
2,"fast_partner_data_800_met6_ayt6",86,20086,2,800,200,50,30,0.5,0.5,5,4.1995866631603,1.03359685654362,0.258399214135904,0.129199607067952,60,2.13054240823502,2.23257594338248,14.3333333333333
2,"fast_partner_data_800_met6_ayt6",87,20087,2,800,200,50,30,0.5,0.5,5,4.03684646128975,2.32227243605629,0.580568109014072,0.290284054507036,59,1.56017237039173,1.51627715868566,14.3333333333333
2,"fast_partner_data_800_met6_ayt6",88,20088,2,800,200,50,30,0.5,0.5,5,3.22648407605577,0.861008916412417,0.215252229103104,0.107626114551552,60,2.30168863528434,2.26918438921881,14.3333333333333
2,"fast_partner_data_800_met6_ayt6",89,20089,2,800,200,50,30,0.5,0.5,5,4.63107413369806,1.88202930107641,0.470507325269103,0.235253662634552,60,2.35126544761332,2.26553270917121,14.3333333333333
2,"fast_partner_data_800_met6_ayt6",90,20090,2,800,200,50,30,0.5,0.5,5,3.23604387651804,1.02016573547238,0.255041433868096,0.127520716934048,60,2.0310978578083,2.01835810520658,14.3333333333333
2,"fast_partner_data_800_met6_ayt6",91,20091,2,800,200,50,30,0.5,0.5,5,3.66169065196411,0.695546334777629,0.173886583694407,0.0869432918472037,57,1.4177853759844,1.46066508540693,14.3333333333333
2,"fast_partner_data_800_met6_ayt6",92,20092,2,800,200,50,30,0.5,0.5,5,4.10161848241603,2.09597901277631,0.523994753194077,0.261997376597038,57,1.02914161639302,0.943166303183605,14.3333333333333
2,"fast_partner_data_800_met6_ayt6",93,20093,2,800,200,50,30,0.5,0.5,5,5.15925423359693,2.63702808105558,0.659257020263894,0.329628510131947,60,1.8142866761985,1.8479758880942,14.3333333333333
2,"fast_partner_data_800_met6_ayt6",94,20094,2,800,200,50,30,0.5,0.5,5,2.79896561528995,0.853578944634292,0.213394736158573,0.106697368079286,52,0.844187067646528,0.683087016973305,14.3333333333333
2,"fast_partner_data_800_met6_ayt6",95,20095,2,800,200,50,30,0.5,0.5,5,3.49572889920231,1.54499342415741,0.386248356039351,0.193124178019676,59,1.43337867036423,1.30459053428833,14.3333333333333
2,"fast_partner_data_800_met6_ayt6",96,20096,2,800,200,50,30,0.5,0.5,5,5.3022826518848,2.9978181388678,0.74945453471695,0.374727267358475,60,2.55952193143852,2.55909242068128,14.3333333333333
2,"fast_partner_data_800_met6_ayt6",97,20097,2,800,200,50,30,0.5,0.5,5,4.86995447171435,2.65092720497843,0.662731801244608,0.331365900622304,60,2.13558283606675,2.24715497594755,14.3333333333333
2,"fast_partner_data_800_met6_ayt6",98,20098,2,800,200,50,30,0.5,0.5,5,3.2313676044875,0.915686637460965,0.228921659365241,0.114460829682621,60,1.88443405184804,1.91943583537727,14.3333333333333
2,"fast_partner_data_800_met6_ayt6",99,20099,2,800,200,50,30,0.5,0.5,5,4.93708700870521,1.33501763650794,0.333754409126986,0.166877204563493,60,2.37001370259059,2.28810649719723,14.3333333333333
2,"fast_partner_data_800_met6_ayt6",100,20100,2,800,200,50,30,0.5,0.5,5,3.06947584516154,1.26124852550782,0.315312131376955,0.157656065688478,57,1.1101801074601,1.10731026131123,14.3333333333333
3,"larger_training_900_met12_ayt12",1,30001,2,900,200,50,30,1,1,5,3.21620287879396,1.63639736465024,0.409099341162561,0.20454967058128,59,2.02119580212834,1.81276156201533,15.3333333333333
3,"larger_training_900_met12_ayt12",2,30002,2,900,200,50,30,1,1,5,5.8009967528613,2.77196163657916,0.692990409144789,0.346495204572395,60,2.18826334069866,2.1605376778644,15.3333333333333
3,"larger_training_900_met12_ayt12",3,30003,2,900,200,50,30,1,1,5,2.67587858273894,0.864334775914424,0.216083693978606,0.108041846989303,59,1.3128685754897,1.28582200897108,15.3333333333333
3,"larger_training_900_met12_ayt12",4,30004,2,900,200,50,30,1,1,5,2.09960238918261,1.01570379079851,0.253925947699628,0.126962973849814,57,1.20549705219825,1.08540991059171,15.3333333333333
3,"larger_training_900_met12_ayt12",5,30005,2,900,200,50,30,1,1,5,3.9699875309939,1.08786783212309,0.271966958030771,0.135983479015386,59,1.5445090944153,1.54479494851191,15.3333333333333
3,"larger_training_900_met12_ayt12",6,30006,2,900,200,50,30,1,1,5,5.19981961548723,1.95777237432442,0.489443093581105,0.244721546790552,59,1.9268747044053,1.88823225115733,15.3333333333333
3,"larger_training_900_met12_ayt12",7,30007,2,900,200,50,30,1,1,5,2.81991476161855,0.0542957456091258,0.0135739364022814,0.00678696820114072,48,0.632897281353495,0.521270443670792,15.3333333333333
3,"larger_training_900_met12_ayt12",8,30008,2,900,200,50,30,1,1,5,4.02923060096429,0.855362607993684,0.213840651998421,0.10692032599921,60,1.6702728973848,1.74726862233179,15.3333333333333
3,"larger_training_900_met12_ayt12",9,30009,2,900,200,50,30,1,1,5,5.51004994069058,2.35305159672721,0.588262899181803,0.294131449590901,60,2.8898997343857,2.82767206556218,15.3333333333333
3,"larger_training_900_met12_ayt12",10,30010,2,900,200,50,30,1,1,5,3.83332470784053,1.13600078179311,0.284000195448277,0.142000097724138,60,2.05346560602515,2.0296475922091,15.3333333333333
3,"larger_training_900_met12_ayt12",11,30011,2,900,200,50,30,1,1,5,4.86867815332302,2.24790419006635,0.561976047516587,0.280988023758294,60,2.17092899073758,2.30028722499518,15.3333333333333
3,"larger_training_900_met12_ayt12",12,30012,2,900,200,50,30,1,1,5,5.61838050542294,2.07054532725094,0.517636331812735,0.258818165906367,60,2.22174940072638,2.30190159264628,15.3333333333333
3,"larger_training_900_met12_ayt12",13,30013,2,900,200,50,30,1,1,5,4.23156331718929,0.391048206129243,0.0977620515323108,0.0488810257661554,59,1.47435470973617,1.53144706702909,15.3333333333333
3,"larger_training_900_met12_ayt12",14,30014,2,900,200,50,30,1,1,5,2.02879537596825,0.772580869766524,0.193145217441631,0.0965726087208155,57,1.70718307045424,1.75341949792816,15.3333333333333
3,"larger_training_900_met12_ayt12",15,30015,2,900,200,50,30,1,1,5,4.67117655779917,1.32900341167482,0.332250852918706,0.166125426459353,59,1.86006306846147,1.81796826485309,15.3333333333333
3,"larger_training_900_met12_ayt12",16,30016,2,900,200,50,30,1,1,5,4.59066025851395,1.59317845909007,0.398294614772517,0.199147307386258,60,2.00591064807766,1.96591841699394,15.3333333333333
3,"larger_training_900_met12_ayt12",17,30017,2,900,200,50,30,1,1,5,4.66659812033443,1.76446559708407,0.441116399271016,0.220558199635508,60,2.57049738880003,2.52705936073665,15.3333333333333
3,"larger_training_900_met12_ayt12",18,30018,2,900,200,50,30,1,1,5,4.29048770371274,2.08335555680086,0.520838889200215,0.260419444600107,60,1.56086456616152,1.51847544599897,15.3333333333333
3,"larger_training_900_met12_ayt12",19,30019,2,900,200,50,30,1,1,5,4.63972248734694,1.67760294637823,0.419400736594557,0.209700368297279,60,2.57315118646504,2.71776235100207,15.3333333333333
3,"larger_training_900_met12_ayt12",20,30020,2,900,200,50,30,1,1,5,2.15351408538317,0.46649847312425,0.116624618281062,0.0583123091405312,51,0.869809585238225,0.723945400323831,15.3333333333333
3,"larger_training_900_met12_ayt12",21,30021,2,900,200,50,30,1,1,5,1.81963518528298,0.374009279720461,0.0935023199301153,0.0467511599650576,53,0.637971537988824,0.681334292531996,15.3333333333333
3,"larger_training_900_met12_ayt12",22,30022,2,900,200,50,30,1,1,5,3.08804465182274,2.13523832322689,0.533809580806723,0.266904790403361,57,1.50824151134569,1.5440289718935,15.3333333333333
3,"larger_training_900_met12_ayt12",23,30023,2,900,200,50,30,1,1,5,4.38649000058742,2.20397689893121,0.550994224732803,0.275497112366402,60,1.51920914730024,1.44181117586407,15.3333333333333
3,"larger_training_900_met12_ayt12",24,30024,2,900,200,50,30,1,1,5,4.11655866889053,0.483511535885063,0.120877883971266,0.0604389419856328,60,1.94377673059494,2.00833399204331,15.3333333333333
3,"larger_training_900_met12_ayt12",25,30025,2,900,200,50,30,1,1,5,5.18897329358451,1.48226807768045,0.370567019420111,0.185283509710056,60,2.84954350751109,2.73116761903592,15.3333333333333
3,"larger_training_900_met12_ayt12",26,30026,2,900,200,50,30,1,1,5,4.33721204627642,1.55385057117174,0.388462642792936,0.194231321396468,60,2.18587464708117,2.13395602774228,15.3333333333333
3,"larger_training_900_met12_ayt12",27,30027,2,900,200,50,30,1,1,5,4.50515536688818,2.18487303793628,0.546218259484069,0.273109129742035,59,1.17907447980687,1.20267523009543,15.3333333333333
3,"larger_training_900_met12_ayt12",28,30028,2,900,200,50,30,1,1,5,2.81059420820391,-0.294020114758267,-0.0735050286895667,-0.0367525143447833,60,2.34154517686027,2.35210323034024,15.3333333333333
3,"larger_training_900_met12_ayt12",29,30029,2,900,200,50,30,1,1,5,3.66862139304782,0.718160045356667,0.179540011339167,0.0897700056695834,50,0.727961479714662,0.546762363097254,15.3333333333333
3,"larger_training_900_met12_ayt12",30,30030,2,900,200,50,30,1,1,5,3.44156369341323,1.56114017171066,0.390285042927666,0.195142521463833,60,2.50080978385273,2.43367404520192,15.3333333333333
3,"larger_training_900_met12_ayt12",31,30031,2,900,200,50,30,1,1,5,3.95234668357078,1.70629007626678,0.426572519066696,0.213286259533348,56,1.18733169092562,1.14498362083946,15.3333333333333
3,"larger_training_900_met12_ayt12",32,30032,2,900,200,50,30,1,1,5,3.62074044684276,1.42179450239944,0.355448625599859,0.17772431279993,59,1.38201117774962,1.37617663806511,15.3333333333333
3,"larger_training_900_met12_ayt12",33,30033,2,900,200,50,30,1,1,5,3.86959055794009,1.03933755003924,0.25983438750981,0.129917193754905,60,2.51892690707161,2.69951200020118,15.3333333333333
3,"larger_training_900_met12_ayt12",34,30034,2,900,200,50,30,1,1,5,5.07669470905074,1.43352632429151,0.358381581072876,0.179190790536438,60,2.29562807205434,2.26842138797107,15.3333333333333
3,"larger_training_900_met12_ayt12",35,30035,2,900,200,50,30,1,1,5,3.55658140318844,1.07595235913892,0.26898808978473,0.134494044892365,59,1.80657458675725,1.66280869444977,15.3333333333333
3,"larger_training_900_met12_ayt12",36,30036,2,900,200,50,30,1,1,5,4.13398466731341,1.3470496732856,0.336762418321399,0.168381209160699,60,1.96188287379335,1.94759518689863,15.3333333333333
3,"larger_training_900_met12_ayt12",37,30037,2,900,200,50,30,1,1,5,3.86589529885731,2.11734209087711,0.529335522719279,0.264667761359639,60,1.71013982040096,1.74142011228826,15.3333333333333
3,"larger_training_900_met12_ayt12",38,30038,2,900,200,50,30,1,1,5,1.76557642564315,0.0461784398459661,0.0115446099614915,0.00577230498074577,57,1.04108952746451,1.01541152717444,15.3333333333333
3,"larger_training_900_met12_ayt12",39,30039,2,900,200,50,30,1,1,5,4.41315301356345,1.65204725790745,0.413011814476863,0.206505907238431,60,1.97533398708172,1.97964180440035,15.3333333333333
3,"larger_training_900_met12_ayt12",40,30040,2,900,200,50,30,1,1,5,5.74899784505493,2.48447295145111,0.621118237862777,0.310559118931388,60,3.13059065524889,3.11739713579517,15.3333333333333
3,"larger_training_900_met12_ayt12",41,30041,2,900,200,50,30,1,1,5,4.95415138831666,1.31987883390475,0.329969708476188,0.164984854238094,60,2.41466321052471,2.33788450629324,15.3333333333333
3,"larger_training_900_met12_ayt12",42,30042,2,900,200,50,30,1,1,5,2.68872874998233,0.588180772350288,0.147045193087572,0.073522596543786,60,1.60172087583075,1.64277215228106,15.3333333333333
3,"larger_training_900_met12_ayt12",43,30043,2,900,200,50,30,1,1,5,3.93853602181884,0.715435278077322,0.178858819519331,0.0894294097596653,60,2.67203538253333,2.60241771434028,15.3333333333333
3,"larger_training_900_met12_ayt12",44,30044,2,900,200,50,30,1,1,5,4.44270647214849,1.82533160682853,0.456332901707132,0.228166450853566,60,1.77202645301308,1.80214088081199,15.3333333333333
3,"larger_training_900_met12_ayt12",45,30045,2,900,200,50,30,1,1,5,2.65851492502626,0.836709920163239,0.20917748004081,0.104588740020405,60,1.73268836057249,1.77214706120831,15.3333333333333
3,"larger_training_900_met12_ayt12",46,30046,2,900,200,50,30,1,1,5,3.3518790000139,0.675046497094977,0.168761624273744,0.0843808121368722,60,1.34061848141381,1.29792720938618,15.3333333333333
3,"larger_training_900_met12_ayt12",47,30047,2,900,200,50,30,1,1,5,4.91861199459106,1.49684030934346,0.374210077335865,0.187105038667932,60,2.13780744527065,2.07652033761423,15.3333333333333
3,"larger_training_900_met12_ayt12",48,30048,2,900,200,50,30,1,1,5,5.83509206288591,2.33152352236035,0.582880880590087,0.291440440295044,60,2.86292526890871,2.8079381486982,15.3333333333333
3,"larger_training_900_met12_ayt12",49,30049,2,900,200,50,30,1,1,5,3.63651137677652,1.33852847544868,0.33463211886217,0.167316059431085,60,2.90747844754786,2.8962079816326,15.3333333333333
3,"larger_training_900_met12_ayt12",50,30050,2,900,200,50,30,1,1,5,3.85795686261066,0.853725527216744,0.213431381804186,0.106715690902093,60,1.99707415062707,1.97060713644986,15.3333333333333
3,"larger_training_900_met12_ayt12",51,30051,2,900,200,50,30,1,1,5,2.78772752815767,0.144174963667653,0.0360437409169133,0.0180218704584567,54,0.863376608705598,0.823638714647502,15.3333333333333
3,"larger_training_900_met12_ayt12",52,30052,2,900,200,50,30,1,1,5,2.76378782642334,0.667373606678914,0.166843401669728,0.0834217008348642,60,1.76028371985032,1.60283962022193,15.3333333333333
3,"larger_training_900_met12_ayt12",53,30053,2,900,200,50,30,1,1,5,4.40329781803793,1.52508577022176,0.381271442555439,0.19063572127772,60,2.10959098455507,2.06824748822451,15.3333333333333
3,"larger_training_900_met12_ayt12",54,30054,2,900,200,50,30,1,1,5,5.61326677571571,3.12414141412895,0.781035353532238,0.390517676766119,60,3.74598102932528,3.59262737261903,15.3333333333333
3,"larger_training_900_met12_ayt12",55,30055,2,900,200,50,30,1,1,5,4.90941004935753,2.25245803736952,0.563114509342381,0.28155725467119,60,2.77428932524384,2.73006461403193,15.3333333333333
3,"larger_training_900_met12_ayt12",56,30056,2,900,200,50,30,1,1,5,3.17522568996037,1.43543978892725,0.358859947231814,0.179429973615907,60,1.66829368340956,1.67905107034361,15.3333333333333
3,"larger_training_900_met12_ayt12",57,30057,2,900,200,50,30,1,1,5,2.55151172475296,0.658346487074956,0.164586621768739,0.0822933108843695,54,1.10736877166442,1.16087373285378,15.3333333333333
3,"larger_training_900_met12_ayt12",58,30058,2,900,200,50,30,1,1,5,4.91709538113292,0.257833355556257,0.0644583388890643,0.0322291694445321,60,2.60517557545064,2.57405167812977,15.3333333333333
3,"larger_training_900_met12_ayt12",59,30059,2,900,200,50,30,1,1,5,5.69012576677828,2.54127748214423,0.635319370536057,0.317659685268029,60,2.58370693138414,2.54809863927524,15.3333333333333
3,"larger_training_900_met12_ayt12",60,30060,2,900,200,50,30,1,1,5,4.14620829741306,1.11330831620663,0.278327079051658,0.139163539525829,60,2.04560245848082,2.0221334849666,15.3333333333333
3,"larger_training_900_met12_ayt12",61,30061,2,900,200,50,30,1,1,5,4.25806584412011,2.04649071424714,0.511622678561786,0.255811339280893,59,1.14486109731296,1.1102943924919,15.3333333333333
3,"larger_training_900_met12_ayt12",62,30062,2,900,200,50,30,1,1,5,3.32001240667898,1.21725370608824,0.304313426522059,0.15215671326103,60,1.55148449611371,1.56594614341509,15.3333333333333
3,"larger_training_900_met12_ayt12",63,30063,2,900,200,50,30,1,1,5,5.83931183691472,2.79654307474336,0.699135768685839,0.349567884342919,60,3.08577842958331,2.99659802183662,15.3333333333333
3,"larger_training_900_met12_ayt12",64,30064,2,900,200,50,30,1,1,5,3.57619221040741,1.94795640471251,0.486989101178127,0.243494550589063,60,1.99251676961794,2.02728335684222,15.3333333333333
3,"larger_training_900_met12_ayt12",65,30065,2,900,200,50,30,1,1,5,3.9341591686352,1.01121061714501,0.252802654286253,0.126401327143127,59,1.28635121821122,1.22800870319021,15.3333333333333
3,"larger_training_900_met12_ayt12",66,30066,2,900,200,50,30,1,1,5,4.36889003928867,2.52004884515959,0.630012211289897,0.315006105644948,60,2.12132195645522,2.03949939834212,15.3333333333333
3,"larger_training_900_met12_ayt12",67,30067,2,900,200,50,30,1,1,5,4.10361655173487,1.69634354242104,0.424085885605259,0.21204294280263,60,2.14892243280342,2.0905079448365,15.3333333333333
3,"larger_training_900_met12_ayt12",68,30068,2,900,200,50,30,1,1,5,4.33090964177693,2.08170538775316,0.52042634693829,0.260213173469145,60,2.20031819442529,2.04881458248544,15.3333333333333
3,"larger_training_900_met12_ayt12",69,30069,2,900,200,50,30,1,1,5,4.18253753662488,1.3678690693278,0.341967267331951,0.170983633665975,60,1.82668262469597,1.82908526338145,15.3333333333333
3,"larger_training_900_met12_ayt12",70,30070,2,900,200,50,30,1,1,5,2.9018869157519,0.487391471188938,0.121847867797235,0.0609239338986173,60,1.88934469470513,1.94068516420584,15.3333333333333
3,"larger_training_900_met12_ayt12",71,30071,2,900,200,50,30,1,1,5,4.63086494452871,1.08210133209838,0.270525333024594,0.135262666512297,60,1.55850236372926,1.6093253171836,15.3333333333333
3,"larger_training_900_met12_ayt12",72,30072,2,900,200,50,30,1,1,5,4.79232451097181,1.92002930596643,0.480007326491608,0.240003663245804,60,2.16756927417485,2.21245826803258,15.3333333333333
3,"larger_training_900_met12_ayt12",73,30073,2,900,200,50,30,1,1,5,3.01352309091035,0.493325477591523,0.123331369397881,0.0616656846989404,56,1.2722298564706,1.31791305666442,15.3333333333333
3,"larger_training_900_met12_ayt12",74,30074,2,900,200,50,30,1,1,5,3.86828915107139,1.37710262253035,0.344275655632587,0.172137827816294,60,1.93964099265579,2.03102752474537,15.3333333333333
3,"larger_training_900_met12_ayt12",75,30075,2,900,200,50,30,1,1,5,3.73861804243184,1.61746796952866,0.404366992382165,0.202183496191083,59,1.36956899928075,1.42199260129998,15.3333333333333
3,"larger_training_900_met12_ayt12",76,30076,2,900,200,50,30,1,1,5,2.26855072744443,0.171946311238785,0.0429865778096962,0.0214932889048481,59,1.81064459767454,1.80544020034067,15.3333333333333
3,"larger_training_900_met12_ayt12",77,30077,2,900,200,50,30,1,1,5,3.66944218715281,0.402912038792772,0.100728009698193,0.0503640048490965,57,1.09285862076148,1.15071570096399,15.3333333333333
3,"larger_training_900_met12_ayt12",78,30078,2,900,200,50,30,1,1,5,2.5853121635447,0.0724792615057401,0.018119815376435,0.00905990768821752,59,1.23580753014702,1.28970485864173,15.3333333333333
3,"larger_training_900_met12_ayt12",79,30079,2,900,200,50,30,1,1,5,3.67062442395451,1.5408287966733,0.385207199168325,0.192603599584162,60,1.97954625084409,2.12222981555978,15.3333333333333
3,"larger_training_900_met12_ayt12",80,30080,2,900,200,50,30,1,1,5,2.91683390286753,0.27052057436194,0.0676301435904849,0.0338150717952425,57,1.15044465179272,1.14769329367514,15.3333333333333
3,"larger_training_900_met12_ayt12",81,30081,2,900,200,50,30,1,1,5,5.27683374013353,1.9512426983545,0.487810674588626,0.243905337294313,60,2.61572157764111,2.6481287050283,15.3333333333333
3,"larger_training_900_met12_ayt12",82,30082,2,900,200,50,30,1,1,5,5.26449802988944,1.59152561287464,0.39788140321866,0.19894070160933,60,2.40582240355356,2.43159068934354,15.3333333333333
3,"larger_training_900_met12_ayt12",83,30083,2,900,200,50,30,1,1,5,3.93834674067391,1.26647380200356,0.316618450500889,0.158309225250445,59,1.23743438367392,1.38495083714971,15.3333333333333
3,"larger_training_900_met12_ayt12",84,30084,2,900,200,50,30,1,1,5,3.00284784095214,0.381913902009491,0.0954784755023728,0.0477392377511864,60,2.22440622699553,2.25620242883486,15.3333333333333
3,"larger_training_900_met12_ayt12",85,30085,2,900,200,50,30,1,1,5,4.42430416939335,1.3670080353429,0.341752008835725,0.170876004417862,60,1.95605840027149,2.02179661741868,15.3333333333333
3,"larger_training_900_met12_ayt12",86,30086,2,900,200,50,30,1,1,5,4.5189587525958,2.19155606707576,0.547889016768941,0.27394450838447,59,1.82403372386949,1.76494667350891,15.3333333333333
3,"larger_training_900_met12_ayt12",87,30087,2,900,200,50,30,1,1,5,4.86180842426908,2.45854405936578,0.614636014841445,0.307318007420723,60,2.23901866123125,2.22296912291244,15.3333333333333
3,"larger_training_900_met12_ayt12",88,30088,2,900,200,50,30,1,1,5,4.20699563636803,1.90637609129328,0.476594022823319,0.23829701141166,60,2.25299199198598,2.25907788604825,15.3333333333333
3,"larger_training_900_met12_ayt12",89,30089,2,900,200,50,30,1,1,5,4.41735696869185,1.58719262233909,0.396798155584772,0.198399077792386,60,1.9188600326332,1.99083732915742,15.3333333333333
3,"larger_training_900_met12_ayt12",90,30090,2,900,200,50,30,1,1,5,4.03362132998332,0.807862773233068,0.201965693308267,0.100982846654134,59,2.01888392238948,2.07349687057957,15.3333333333333
3,"larger_training_900_met12_ayt12",91,30091,2,900,200,50,30,1,1,5,5.11197969043762,1.80156382282891,0.450390955707227,0.225195477853614,60,2.26156812663582,2.25500666095936,15.3333333333333
3,"larger_training_900_met12_ayt12",92,30092,2,900,200,50,30,1,1,5,3.91930593757476,1.20500767041141,0.301251917602853,0.150625958801427,60,2.35311173604851,2.42805554871617,15.3333333333333
3,"larger_training_900_met12_ayt12",93,30093,2,900,200,50,30,1,1,5,3.69109745348532,1.26659106398857,0.316647765997142,0.158323882998571,60,2.32049392343216,2.24644307389305,15.3333333333333
3,"larger_training_900_met12_ayt12",94,30094,2,900,200,50,30,1,1,5,4.4023667374043,1.8145054091714,0.453626352292851,0.226813176146425,60,2.53886550701147,2.66397996530282,15.3333333333333
3,"larger_training_900_met12_ayt12",95,30095,2,900,200,50,30,1,1,5,2.44485940381466,0.392483529277849,0.0981208823194624,0.0490604411597312,60,1.22214955445499,1.20898032652748,15.3333333333333
3,"larger_training_900_met12_ayt12",96,30096,2,900,200,50,30,1,1,5,3.54787269817258,0.665692570119053,0.166423142529763,0.0832115712648817,60,1.58769616687659,1.63565867059579,15.3333333333333
3,"larger_training_900_met12_ayt12",97,30097,2,900,200,50,30,1,1,5,5.73182070904068,1.78876011986559,0.447190029966397,0.223595014983199,60,2.9858713331441,3.06616988584282,15.3333333333333
3,"larger_training_900_met12_ayt12",98,30098,2,900,200,50,30,1,1,5,5.28647238636424,2.16356862965804,0.540892157414511,0.270446078707256,60,1.82593464155004,1.77281089177492,15.3333333333333
3,"larger_training_900_met12_ayt12",99,30099,2,900,200,50,30,1,1,5,2.11489084574924,-0.0850170676877613,-0.0212542669219403,-0.0106271334609702,60,1.68253154562438,1.70608204414457,15.3333333333333
3,"larger_training_900_met12_ayt12",100,30100,2,900,200,50,30,1,1,5,3.29504531158935,1.29724189207592,0.324310473018981,0.162155236509491,57,1.47508207671755,1.35169192422975,15.3333333333333
4,"fewer_crosses_5_train800_met12_ayt12",1,40001,2,800,200,50,30,1,1,5,1.91078568067037,-0.216374423821189,-0.0540936059552973,-0.0270468029776486,55,1.102959655731,1.04326273756777,15.3333333333333
4,"fewer_crosses_5_train800_met12_ayt12",2,40002,2,800,200,50,30,1,1,5,1.90331398084344,1.07648951712311,0.269122379280777,0.134561189640389,46,0.882845249493383,0.777094936154267,15.3333333333333
4,"fewer_crosses_5_train800_met12_ayt12",3,40003,2,800,200,50,30,1,1,5,4.16400628468734,1.23193828628504,0.30798457157126,0.15399228578563,59,1.65519987233843,1.56895234212774,15.3333333333333
4,"fewer_crosses_5_train800_met12_ayt12",4,40004,2,800,200,50,30,1,1,5,3.92781963691398,1.01173714318426,0.252934285796066,0.126467142898033,60,1.62545874020364,1.64055261977742,15.3333333333333
4,"fewer_crosses_5_train800_met12_ayt12",5,40005,2,800,200,50,30,1,1,5,3.80195187977868,0.635237527057377,0.158809381764344,0.0794046908821721,60,2.46270786742182,2.44389649678163,15.3333333333333
4,"fewer_crosses_5_train800_met12_ayt12",6,40006,2,800,200,50,30,1,1,5,3.75788819566163,0.683116761498593,0.170779190374648,0.0853895951873241,58,1.19033783773512,1.23111771052931,15.3333333333333
4,"fewer_crosses_5_train800_met12_ayt12",7,40007,2,800,200,50,30,1,1,5,2.80608066919377,1.14265631644575,0.285664079111439,0.142832039555719,60,1.50817728408643,1.48121685122417,15.3333333333333
4,"fewer_crosses_5_train800_met12_ayt12",8,40008,2,800,200,50,30,1,1,5,3.42305416673361,1.23907473724762,0.309768684311906,0.154884342155953,60,1.62296993993562,1.46649594850079,15.3333333333333
4,"fewer_crosses_5_train800_met12_ayt12",9,40009,2,800,200,50,30,1,1,5,3.99159755928426,1.93729176019099,0.484322940047748,0.242161470023874,60,1.95898357657614,2.00342646595353,15.3333333333333
4,"fewer_crosses_5_train800_met12_ayt12",10,40010,2,800,200,50,30,1,1,5,4.66047848692112,1.81900965850498,0.454752414626246,0.227376207313123,59,1.29268999280604,1.35988666210642,15.3333333333333
4,"fewer_crosses_5_train800_met12_ayt12",11,40011,2,800,200,50,30,1,1,5,3.51019232887866,0.788558100327712,0.197139525081928,0.0985697625409641,60,1.41234582555943,1.50152349901892,15.3333333333333
4,"fewer_crosses_5_train800_met12_ayt12",12,40012,2,800,200,50,30,1,1,5,4.48609528281585,1.77271419542955,0.443178548857387,0.221589274428693,60,1.64153413148351,1.6778018841514,15.3333333333333
4,"fewer_crosses_5_train800_met12_ayt12",13,40013,2,800,200,50,30,1,1,5,3.47037749663909,0.954899800451302,0.238724950112826,0.119362475056413,59,1.82212000814892,1.86797791307413,15.3333333333333
4,"fewer_crosses_5_train800_met12_ayt12",14,40014,2,800,200,50,30,1,1,5,3.21032014111829,0.414379532772613,0.103594883193153,0.0517974415965767,60,2.47001966598064,2.46373210097209,15.3333333333333
4,"fewer_crosses_5_train800_met12_ayt12",15,40015,2,800,200,50,30,1,1,5,3.62030715305731,1.17573663215355,0.293934158038389,0.146967079019194,60,2.21887101284838,2.05114615044261,15.3333333333333
4,"fewer_crosses_5_train800_met12_ayt12",16,40016,2,800,200,50,30,1,1,5,3.000653696075,1.28096714259819,0.320241785649547,0.160120892824774,54,1.22865587421199,1.1168149030604,15.3333333333333
4,"fewer_crosses_5_train800_met12_ayt12",17,40017,2,800,200,50,30,1,1,5,4.5376756971439,1.78672356623143,0.446680891557857,0.223340445778928,60,2.57976577702493,2.57863080229247,15.3333333333333
4,"fewer_crosses_5_train800_met12_ayt12",18,40018,2,800,200,50,30,1,1,5,4.42929863359057,0.64096346932873,0.160240867332183,0.0801204336660913,58,1.79262651263243,1.72820225081613,15.3333333333333
4,"fewer_crosses_5_train800_met12_ayt12",19,40019,2,800,200,50,30,1,1,5,4.40237102837875,1.1803383322769,0.295084583069225,0.147542291534613,60,2.26916845814021,2.26917920285679,15.3333333333333
4,"fewer_crosses_5_train800_met12_ayt12",20,40020,2,800,200,50,30,1,1,5,4.20390859186597,1.68711847606413,0.421779619016032,0.210889809508016,59,1.64086435360667,1.536385082311,15.3333333333333
4,"fewer_crosses_5_train800_met12_ayt12",21,40021,2,800,200,50,30,1,1,5,5.09357052900803,2.07058416767574,0.517646041918934,0.258823020959467,60,2.76140570311175,2.83728302055759,15.3333333333333
4,"fewer_crosses_5_train800_met12_ayt12",22,40022,2,800,200,50,30,1,1,5,4.87113070694224,2.0584938829427,0.514623470735675,0.257311735367837,60,2.59563007057382,2.69369689209036,15.3333333333333
4,"fewer_crosses_5_train800_met12_ayt12",23,40023,2,800,200,50,30,1,1,5,3.59943048186626,1.23654660395191,0.309136650987979,0.154568325493989,58,1.3530768965419,1.45377215970196,15.3333333333333
4,"fewer_crosses_5_train800_met12_ayt12",24,40024,2,800,200,50,30,1,1,5,4.01237053716748,2.22071719301776,0.55517929825444,0.27758964912722,60,2.28975897824565,2.32639466716439,15.3333333333333
4,"fewer_crosses_5_train800_met12_ayt12",25,40025,2,800,200,50,30,1,1,5,4.11886077885527,1.56675141159468,0.391687852898669,0.195843926449335,60,2.71950591088147,2.72666481708686,15.3333333333333
4,"fewer_crosses_5_train800_met12_ayt12",26,40026,2,800,200,50,30,1,1,5,3.57382557457948,0.300183162724789,0.0750457906811973,0.0375228953405987,60,1.66467389917482,1.68066727550387,15.3333333333333
4,"fewer_crosses_5_train800_met12_ayt12",27,40027,2,800,200,50,30,1,1,5,5.01149422453394,2.39954008541343,0.599885021353356,0.299942510676678,60,2.4228459313312,2.56788297483625,15.3333333333333
4,"fewer_crosses_5_train800_met12_ayt12",28,40028,2,800,200,50,30,1,1,5,2.64878681781691,0.850036568582428,0.212509142145607,0.106254571072803,56,0.851799017837745,0.774973676893843,15.3333333333333
4,"fewer_crosses_5_train800_met12_ayt12",29,40029,2,800,200,50,30,1,1,5,4.83203183212293,1.93172259457639,0.482930648644098,0.241465324322049,60,3.48627642497753,3.49889310927261,15.3333333333333
4,"fewer_crosses_5_train800_met12_ayt12",30,40030,2,800,200,50,30,1,1,5,4.75414834631035,1.55954894322023,0.389887235805057,0.194943617902528,60,3.11444558041036,3.09489555366431,15.3333333333333
4,"fewer_crosses_5_train800_met12_ayt12",31,40031,2,800,200,50,30,1,1,5,6.26345872367234,2.69924336594376,0.674810841485941,0.33740542074297,60,2.70368526206436,2.73784000341026,15.3333333333333
4,"fewer_crosses_5_train800_met12_ayt12",32,40032,2,800,200,50,30,1,1,5,2.79134594055181,0.925824480657826,0.231456120164456,0.115728060082228,59,1.2735340882586,1.34807453046001,15.3333333333333
4,"fewer_crosses_5_train800_met12_ayt12",33,40033,2,800,200,50,30,1,1,5,4.83046372544972,1.38163960299535,0.345409900748837,0.172704950374419,60,2.8289020152522,2.86927702516098,15.3333333333333
4,"fewer_crosses_5_train800_met12_ayt12",34,40034,2,800,200,50,30,1,1,5,3.50314312639574,0.970520125471484,0.242630031367871,0.121315015683935,60,2.29466535694082,2.31152045063783,15.3333333333333
4,"fewer_crosses_5_train800_met12_ayt12",35,40035,2,800,200,50,30,1,1,5,3.84623258765907,1.70647417796473,0.426618544491184,0.213309272245592,60,1.33277087659811,1.29049725902913,15.3333333333333
4,"fewer_crosses_5_train800_met12_ayt12",36,40036,2,800,200,50,30,1,1,5,5.93525368800314,2.54861793062999,0.637154482657497,0.318577241328748,60,2.53618784746945,2.45362450267113,15.3333333333333
4,"fewer_crosses_5_train800_met12_ayt12",37,40037,2,800,200,50,30,1,1,5,4.33074088985278,1.5700778555706,0.392519463892651,0.196259731946325,60,2.36829771848242,2.40662452796661,15.3333333333333
4,"fewer_crosses_5_train800_met12_ayt12",38,40038,2,800,200,50,30,1,1,5,4.73702800437569,1.99611441653599,0.499028604133996,0.249514302066998,60,2.88348455173021,2.79453629033579,15.3333333333333
4,"fewer_crosses_5_train800_met12_ayt12",39,40039,2,800,200,50,30,1,1,5,4.60080152676587,1.64318289510231,0.410795723775577,0.205397861887789,60,2.62283026822462,2.65877938826445,15.3333333333333
4,"fewer_crosses_5_train800_met12_ayt12",40,40040,2,800,200,50,30,1,1,5,4.33396103028806,1.24863387283815,0.312158468209538,0.156079234104769,58,2.2366194079606,2.05632704663312,15.3333333333333
4,"fewer_crosses_5_train800_met12_ayt12",41,40041,2,800,200,50,30,1,1,5,4.04829378088042,1.2501930972401,0.312548274310024,0.156274137155012,60,2.60714086662589,2.69446379869333,15.3333333333333
4,"fewer_crosses_5_train800_met12_ayt12",42,40042,2,800,200,50,30,1,1,5,3.52857270629156,1.33062283581996,0.332655708954991,0.166327854477495,59,2.19683146318414,2.16663356033621,15.3333333333333
4,"fewer_crosses_5_train800_met12_ayt12",43,40043,2,800,200,50,30,1,1,5,5.62739390090959,2.32734891032029,0.581837227580073,0.290918613790036,60,2.01655041701046,1.84052267759691,15.3333333333333
4,"fewer_crosses_5_train800_met12_ayt12",44,40044,2,800,200,50,30,1,1,5,5.12527483790437,1.59257145324986,0.398142863312466,0.199071431656233,60,2.16972228218733,2.0455470960392,15.3333333333333
4,"fewer_crosses_5_train800_met12_ayt12",45,40045,2,800,200,50,30,1,1,5,4.99435894670034,1.68717322835318,0.421793307088295,0.210896653544147,60,2.47155847009226,2.48988422707861,15.3333333333333
4,"fewer_crosses_5_train800_met12_ayt12",46,40046,2,800,200,50,30,1,1,5,6.11523699086795,2.25101539141991,0.562753847854977,0.281376923927489,60,3.10386275917903,3.09756046150407,15.3333333333333
4,"fewer_crosses_5_train800_met12_ayt12",47,40047,2,800,200,50,30,1,1,5,2.32845287172794,0.354581479432689,0.0886453698581723,0.0443226849290861,58,1.22769076577351,1.31951541879498,15.3333333333333
4,"fewer_crosses_5_train800_met12_ayt12",48,40048,2,800,200,50,30,1,1,5,2.22258452239028,-0.000794900208997085,-0.000198725052249271,-9.93625261246356e-05,59,1.47520497452416,1.49842588797282,15.3333333333333
4,"fewer_crosses_5_train800_met12_ayt12",49,40049,2,800,200,50,30,1,1,5,3.50663430670619,0.304832594599183,0.0762081486497959,0.0381040743248979,60,2.28296887720649,2.28521537560962,15.3333333333333
4,"fewer_crosses_5_train800_met12_ayt12",50,40050,2,800,200,50,30,1,1,5,2.31365966190931,0.392842656818267,0.0982106642045668,0.0491053321022834,60,1.8558919084335,1.85998070518126,15.3333333333333
4,"fewer_crosses_5_train800_met12_ayt12",51,40051,2,800,200,50,30,1,1,5,3.47672427551291,1.36412289494991,0.341030723737476,0.170515361868738,60,1.57145418199321,1.50738782594247,15.3333333333333
4,"fewer_crosses_5_train800_met12_ayt12",52,40052,2,800,200,50,30,1,1,5,2.67191087584089,0.931063483878973,0.232765870969743,0.116382935484872,60,1.81611016455604,1.83302022407354,15.3333333333333
4,"fewer_crosses_5_train800_met12_ayt12",53,40053,2,800,200,50,30,1,1,5,3.51303710538083,1.72253318213269,0.430633295533171,0.215316647766586,45,0.850802814714234,0.763166636151528,15.3333333333333
4,"fewer_crosses_5_train800_met12_ayt12",54,40054,2,800,200,50,30,1,1,5,3.75447998641237,1.07777797104919,0.269444492762297,0.134722246381148,59,1.2496435589303,1.15692081065436,15.3333333333333
4,"fewer_crosses_5_train800_met12_ayt12",55,40055,2,800,200,50,30,1,1,5,4.01514566331889,0.947656577214253,0.236914144303563,0.118457072151782,59,1.89943946840331,1.84677282849225,15.3333333333333
4,"fewer_crosses_5_train800_met12_ayt12",56,40056,2,800,200,50,30,1,1,5,3.24755225996205,0.484462780275456,0.121115695068864,0.0605578475344319,59,1.44650406893718,1.28420648103718,15.3333333333333
4,"fewer_crosses_5_train800_met12_ayt12",57,40057,2,800,200,50,30,1,1,5,5.74768932832504,2.68788338559837,0.671970846399591,0.335985423199796,60,3.11508141721296,3.20991426638938,15.3333333333333
4,"fewer_crosses_5_train800_met12_ayt12",58,40058,2,800,200,50,30,1,1,5,4.85926811296812,1.50232319410724,0.375580798526811,0.187790399263406,59,1.50232482977014,1.47454781212753,15.3333333333333
4,"fewer_crosses_5_train800_met12_ayt12",59,40059,2,800,200,50,30,1,1,5,4.22963630335707,1.92648389058401,0.481620972646001,0.240810486323001,60,2.78117440591296,2.86449863155115,15.3333333333333
4,"fewer_crosses_5_train800_met12_ayt12",60,40060,2,800,200,50,30,1,1,5,3.42858422462491,1.69372787369626,0.423431968424066,0.211715984212033,59,1.13140395297589,1.16843256969766,15.3333333333333
4,"fewer_crosses_5_train800_met12_ayt12",61,40061,2,800,200,50,30,1,1,5,3.52821721412556,0.663739943650856,0.165934985912714,0.082967492956357,58,1.43471723640279,1.44527495297631,15.3333333333333
4,"fewer_crosses_5_train800_met12_ayt12",62,40062,2,800,200,50,30,1,1,5,3.21365189745758,0.686203637022839,0.17155090925571,0.0857754546278549,60,1.45414238665888,1.48103977536247,15.3333333333333
4,"fewer_crosses_5_train800_met12_ayt12",63,40063,2,800,200,50,30,1,1,5,4.0454295569481,1.19578704853039,0.298946762132599,0.149473381066299,60,3.29737560814506,3.45719413573619,15.3333333333333
4,"fewer_crosses_5_train800_met12_ayt12",64,40064,2,800,200,50,30,1,1,5,6.56929494812736,1.89564270895425,0.473910677238563,0.236955338619282,60,3.28469212264518,3.26536650767451,15.3333333333333
4,"fewer_crosses_5_train800_met12_ayt12",65,40065,2,800,200,50,30,1,1,5,3.05079307144537,1.31717575058404,0.329293937646009,0.164646968823005,56,1.12164767698729,1.10589185441946,15.3333333333333
4,"fewer_crosses_5_train800_met12_ayt12",66,40066,2,800,200,50,30,1,1,5,4.10347632232104,0.822851267242628,0.205712816810657,0.102856408405329,60,2.59097738330034,2.59198502064533,15.3333333333333
4,"fewer_crosses_5_train800_met12_ayt12",67,40067,2,800,200,50,30,1,1,5,3.76136857056255,0.999583944769151,0.249895986192288,0.124947993096144,60,1.73071198670829,1.78883097156594,15.3333333333333
4,"fewer_crosses_5_train800_met12_ayt12",68,40068,2,800,200,50,30,1,1,5,4.43526012257563,2.27101159445999,0.567752898614998,0.283876449307499,60,2.547846442498,2.55568915237402,15.3333333333333
4,"fewer_crosses_5_train800_met12_ayt12",69,40069,2,800,200,50,30,1,1,5,3.49353494970756,1.35828961809215,0.339572404523037,0.169786202261518,58,1.32612261308681,1.23967472033374,15.3333333333333
4,"fewer_crosses_5_train800_met12_ayt12",70,40070,2,800,200,50,30,1,1,5,5.32422521867066,2.22870562610759,0.557176406526898,0.278588203263449,60,2.71437187021437,2.76632551245174,15.3333333333333
4,"fewer_crosses_5_train800_met12_ayt12",71,40071,2,800,200,50,30,1,1,5,4.44581960170872,1.30025021899682,0.325062554749206,0.162531277374603,60,1.83273084876278,1.6866364610282,15.3333333333333
4,"fewer_crosses_5_train800_met12_ayt12",72,40072,2,800,200,50,30,1,1,5,3.72585440737737,1.4509095527513,0.362727388187826,0.181363694093913,59,1.60258240106381,1.62040144224808,15.3333333333333
4,"fewer_crosses_5_train800_met12_ayt12",73,40073,2,800,200,50,30,1,1,5,4.08962757499894,1.33950388487394,0.334875971218485,0.167437985609242,60,2.37979115517562,2.44481538782141,15.3333333333333
4,"fewer_crosses_5_train800_met12_ayt12",74,40074,2,800,200,50,30,1,1,5,3.84491656488967,0.504478132142005,0.126119533035501,0.0630597665177506,60,2.35594208575724,2.41602993151421,15.3333333333333
4,"fewer_crosses_5_train800_met12_ayt12",75,40075,2,800,200,50,30,1,1,5,5.10482991087228,2.10603447806207,0.526508619515517,0.263254309757759,60,2.17773710970679,2.19642961816515,15.3333333333333
4,"fewer_crosses_5_train800_met12_ayt12",76,40076,2,800,200,50,30,1,1,5,4.75932867677675,1.22728578926662,0.306821447316655,0.153410723658328,58,1.84237627329553,1.90756790167463,15.3333333333333
4,"fewer_crosses_5_train800_met12_ayt12",77,40077,2,800,200,50,30,1,1,5,3.66730685628197,1.59401070185701,0.398502675464253,0.199251337732127,54,1.70649461355983,1.59335849778073,15.3333333333333
4,"fewer_crosses_5_train800_met12_ayt12",78,40078,2,800,200,50,30,1,1,5,3.62119814198411,0.442979692926643,0.110744923231661,0.0553724616158304,60,2.42036564937995,2.44102593716698,15.3333333333333
4,"fewer_crosses_5_train800_met12_ayt12",79,40079,2,800,200,50,30,1,1,5,3.72825692282977,1.76968019676646,0.442420049191616,0.221210024595808,56,1.25514283342221,1.2466031417924,15.3333333333333
4,"fewer_crosses_5_train800_met12_ayt12",80,40080,2,800,200,50,30,1,1,5,3.41844386451086,1.5176279225635,0.379406980640874,0.189703490320437,55,1.08750380041564,0.985774672931044,15.3333333333333
4,"fewer_crosses_5_train800_met12_ayt12",81,40081,2,800,200,50,30,1,1,5,2.65082971910959,0.333933505791383,0.0834833764478456,0.0417416882239228,60,1.49338195355025,1.52671252748794,15.3333333333333
4,"fewer_crosses_5_train800_met12_ayt12",82,40082,2,800,200,50,30,1,1,5,1.88409988920615,0.50129462973603,0.125323657434007,0.0626618287170037,60,1.17060977210109,1.22058749709127,15.3333333333333
4,"fewer_crosses_5_train800_met12_ayt12",83,40083,2,800,200,50,30,1,1,5,4.0141960906464,0.807684590183504,0.201921147545876,0.100960573772938,60,1.50589350565314,1.58064119526255,15.3333333333333
4,"fewer_crosses_5_train800_met12_ayt12",84,40084,2,800,200,50,30,1,1,5,3.73273210070979,1.37220376699547,0.343050941748869,0.171525470874434,60,1.893899037336,1.96586187848508,15.3333333333333
4,"fewer_crosses_5_train800_met12_ayt12",85,40085,2,800,200,50,30,1,1,5,3.36936132205252,0.917019818784001,0.229254954696,0.114627477348,60,1.31014449349004,1.29294581667476,15.3333333333333
4,"fewer_crosses_5_train800_met12_ayt12",86,40086,2,800,200,50,30,1,1,5,3.24125891600176,1.73391056339151,0.433477640847877,0.216738820423938,60,1.70352355308277,1.69704027461636,15.3333333333333
4,"fewer_crosses_5_train800_met12_ayt12",87,40087,2,800,200,50,30,1,1,5,3.81240780754221,0.925977965148741,0.231494491287185,0.115747245643593,59,1.89110433253684,1.95762497198755,15.3333333333333
4,"fewer_crosses_5_train800_met12_ayt12",88,40088,2,800,200,50,30,1,1,5,3.15544854943098,0.489114141852148,0.122278535463037,0.0611392677315185,59,1.27609096910799,1.25031635430149,15.3333333333333
4,"fewer_crosses_5_train800_met12_ayt12",89,40089,2,800,200,50,30,1,1,5,3.59782509555324,1.29048832495087,0.322622081237719,0.161311040618859,60,1.39346262352846,1.37738634509891,15.3333333333333
4,"fewer_crosses_5_train800_met12_ayt12",90,40090,2,800,200,50,30,1,1,5,2.80298749066746,0.410609595948964,0.102652398987241,0.0513261994936205,59,1.13431512305166,1.05024656952032,15.3333333333333
4,"fewer_crosses_5_train800_met12_ayt12",91,40091,2,800,200,50,30,1,1,5,3.08868264216254,0.321380179895361,0.0803450449738403,0.0401725224869202,59,1.81160767479673,1.86617790086824,15.3333333333333
4,"fewer_crosses_5_train800_met12_ayt12",92,40092,2,800,200,50,30,1,1,5,3.98865894639289,2.6746144874777,0.668653621869426,0.334326810934713,59,1.37524548791814,1.42366988743504,15.3333333333333
4,"fewer_crosses_5_train800_met12_ayt12",93,40093,2,800,200,50,30,1,1,5,3.71766266260547,1.6267390814331,0.406684770358276,0.203342385179138,60,1.95561373393162,1.86724943844648,15.3333333333333
4,"fewer_crosses_5_train800_met12_ayt12",94,40094,2,800,200,50,30,1,1,5,4.39517534021354,1.59758456024767,0.399396140061917,0.199698070030958,59,2.02736547435388,2.08668241519545,15.3333333333333
4,"fewer_crosses_5_train800_met12_ayt12",95,40095,2,800,200,50,30,1,1,5,4.9636666390354,2.25201074295231,0.563002685738077,0.281501342869038,60,2.76977119851895,2.69824607765568,15.3333333333333
4,"fewer_crosses_5_train800_met12_ayt12",96,40096,2,800,200,50,30,1,1,5,3.40416013704647,1.06656269761842,0.266640674404605,0.133320337202303,60,1.99451080513556,2.0130382953551,15.3333333333333
4,"fewer_crosses_5_train800_met12_ayt12",97,40097,2,800,200,50,30,1,1,5,3.283539631609,0.448448560658148,0.112112140164537,0.0560560700822685,60,1.53304089691648,1.61141198937623,15.3333333333333
4,"fewer_crosses_5_train800_met12_ayt12",98,40098,2,800,200,50,30,1,1,5,5.02128614165604,2.01277993915945,0.503194984789863,0.251597492394932,60,2.04584127060502,2.24429507134715,15.3333333333333
4,"fewer_crosses_5_train800_met12_ayt12",99,40099,2,800,200,50,30,1,1,5,4.42419770469137,1.68706907519339,0.421767268798347,0.210883634399173,60,1.69433107685203,1.744628638686,15.3333333333333
4,"fewer_crosses_5_train800_met12_ayt12",100,40100,2,800,200,50,30,1,1,5,2.93563872772371,1.40598782296471,0.351496955741177,0.175748477870589,60,1.87739287477014,1.9386733401378,15.3333333333333
5,"higher_capacity_1000_cap250_met12_ayt12",1,50001,2,1000,250,50,30,1,1,5,4.00987589282503,1.71922295292174,0.429805738230434,0.214902869115217,60,2.36475460626067,2.37426048936438,15.3333333333333
5,"higher_capacity_1000_cap250_met12_ayt12",2,50002,2,1000,250,50,30,1,1,5,7.07989217572096,3.19362040324514,0.798405100811286,0.399202550405643,60,3.10382834730934,2.98858202158237,15.3333333333333
5,"higher_capacity_1000_cap250_met12_ayt12",3,50003,2,1000,250,50,30,1,1,5,4.78070700018469,2.32023274479658,0.580058186199144,0.290029093099572,60,2.10531804340275,2.15737767230868,15.3333333333333
5,"higher_capacity_1000_cap250_met12_ayt12",4,50004,2,1000,250,50,30,1,1,5,4.87773566677707,1.70044394329229,0.425110985823071,0.212555492911536,60,2.10610290773889,2.06162337781362,15.3333333333333
5,"higher_capacity_1000_cap250_met12_ayt12",5,50005,2,1000,250,50,30,1,1,5,2.73364761694569,0.256972431354158,0.0642431078385396,0.0321215539192698,60,1.86577138303611,1.89213439555637,15.3333333333333
5,"higher_capacity_1000_cap250_met12_ayt12",6,50006,2,1000,250,50,30,1,1,5,5.57172731922519,1.84788420458182,0.461971051145456,0.230985525572728,60,3.13035096010383,3.22386964147468,15.3333333333333
5,"higher_capacity_1000_cap250_met12_ayt12",7,50007,2,1000,250,50,30,1,1,5,3.51209917046539,1.51576752548308,0.37894188137077,0.189470940685385,58,1.54257337044585,1.56247705300745,15.3333333333333
5,"higher_capacity_1000_cap250_met12_ayt12",8,50008,2,1000,250,50,30,1,1,5,3.34166449370959,0.02267376854256,0.00566844213563999,0.00283422106782,60,1.48877959406033,1.47715327674086,15.3333333333333
5,"higher_capacity_1000_cap250_met12_ayt12",9,50009,2,1000,250,50,30,1,1,5,3.88968984864205,0.134662852540013,0.0336657131350032,0.0168328565675016,60,2.32136395820608,2.18913397083872,15.3333333333333
5,"higher_capacity_1000_cap250_met12_ayt12",10,50010,2,1000,250,50,30,1,1,5,5.88942057108418,1.85357794702835,0.463394486757088,0.231697243378544,60,3.00968972095535,2.9967889528204,15.3333333333333
5,"higher_capacity_1000_cap250_met12_ayt12",11,50011,2,1000,250,50,30,1,1,5,3.97692097335024,1.34448387650736,0.336120969126841,0.16806048456342,57,1.51546478985186,1.56721909132546,15.3333333333333
5,"higher_capacity_1000_cap250_met12_ayt12",12,50012,2,1000,250,50,30,1,1,5,3.85826096585247,2.39316451618198,0.598291129045496,0.299145564522748,56,1.37007352745898,1.18555736378093,15.3333333333333
5,"higher_capacity_1000_cap250_met12_ayt12",13,50013,2,1000,250,50,30,1,1,5,3.02473525632239,0.254944435923634,0.0637361089809084,0.0318680544904542,60,1.76060525141317,1.68095299989344,15.3333333333333
5,"higher_capacity_1000_cap250_met12_ayt12",14,50014,2,1000,250,50,30,1,1,5,6.08018640676224,2.0373235239849,0.509330880996224,0.254665440498112,60,3.26305874692402,3.18463896843639,15.3333333333333
5,"higher_capacity_1000_cap250_met12_ayt12",15,50015,2,1000,250,50,30,1,1,5,4.9896935160769,2.25832649790739,0.564581624476847,0.282290812238424,60,2.13176676926244,2.14126747772016,15.3333333333333
5,"higher_capacity_1000_cap250_met12_ayt12",16,50016,2,1000,250,50,30,1,1,5,6.45623458073745,2.26108300632486,0.565270751581215,0.282635375790607,60,2.67518497001889,2.641513665603,15.3333333333333
5,"higher_capacity_1000_cap250_met12_ayt12",17,50017,2,1000,250,50,30,1,1,5,3.17331964727068,0.168853740910974,0.0422134352277435,0.0211067176138717,59,1.85095096533575,1.84214475818637,15.3333333333333
5,"higher_capacity_1000_cap250_met12_ayt12",18,50018,2,1000,250,50,30,1,1,5,4.44893363103564,2.08109012047261,0.520272530118152,0.260136265059076,58,1.46463058433095,1.38378304856435,15.3333333333333
5,"higher_capacity_1000_cap250_met12_ayt12",19,50019,2,1000,250,50,30,1,1,5,3.34553830417404,1.19735459673285,0.299338649183213,0.149669324591606,60,1.74904049811318,1.75554257939207,15.3333333333333
5,"higher_capacity_1000_cap250_met12_ayt12",20,50020,2,1000,250,50,30,1,1,5,4.04778602283817,2.19108601556048,0.54777150389012,0.27388575194506,60,2.24494448836415,2.32132980889325,15.3333333333333
5,"higher_capacity_1000_cap250_met12_ayt12",21,50021,2,1000,250,50,30,1,1,5,5.26932544274469,2.8373096171936,0.709327404298401,0.3546637021492,60,2.51957951425313,2.47658160568949,15.3333333333333
5,"higher_capacity_1000_cap250_met12_ayt12",22,50022,2,1000,250,50,30,1,1,5,3.44530312061788,1.66259085080483,0.415647712701208,0.207823856350604,60,2.06638140866469,2.06404492794465,15.3333333333333
5,"higher_capacity_1000_cap250_met12_ayt12",23,50023,2,1000,250,50,30,1,1,5,3.75539740141628,1.37433592286898,0.343583980717246,0.171791990358623,59,1.43756742324795,1.32474331097193,15.3333333333333
5,"higher_capacity_1000_cap250_met12_ayt12",24,50024,2,1000,250,50,30,1,1,5,3.71856726383133,1.39329948408133,0.348324871020333,0.174162435510167,59,1.97222546387252,1.84726561980646,15.3333333333333
5,"higher_capacity_1000_cap250_met12_ayt12",25,50025,2,1000,250,50,30,1,1,5,4.24542184711116,1.46250153046122,0.365625382615304,0.182812691307652,60,1.6222689915492,1.64173463697373,15.3333333333333
5,"higher_capacity_1000_cap250_met12_ayt12",26,50026,2,1000,250,50,30,1,1,5,4.11342844563865,1.26345844894094,0.315864612235234,0.157932306117617,60,2.1798850651954,2.29959322252737,15.3333333333333
5,"higher_capacity_1000_cap250_met12_ayt12",27,50027,2,1000,250,50,30,1,1,5,4.78842451231194,2.71353454992594,0.678383637481484,0.339191818740742,60,2.3007684686166,2.3218156447462,15.3333333333333
5,"higher_capacity_1000_cap250_met12_ayt12",28,50028,2,1000,250,50,30,1,1,5,2.30462782407241,1.23162013085485,0.307905032713711,0.153952516356856,60,1.74999177383315,1.73531169099201,15.3333333333333
5,"higher_capacity_1000_cap250_met12_ayt12",29,50029,2,1000,250,50,30,1,1,5,3.9713561802029,1.46656321793684,0.36664080448421,0.183320402242105,59,1.37495521930693,1.32599736583437,15.3333333333333
5,"higher_capacity_1000_cap250_met12_ayt12",30,50030,2,1000,250,50,30,1,1,5,3.40698081526014,1.65464772976052,0.41366193244013,0.206830966220065,60,1.24410017890185,1.24184643526549,15.3333333333333
5,"higher_capacity_1000_cap250_met12_ayt12",31,50031,2,1000,250,50,30,1,1,5,4.41845417420341,1.54047635583565,0.385119088958913,0.192559544479457,60,2.40312734974162,2.33865560479079,15.3333333333333
5,"higher_capacity_1000_cap250_met12_ayt12",32,50032,2,1000,250,50,30,1,1,5,2.62782456382583,0.997366968111192,0.249341742027798,0.124670871013899,60,1.72540232654643,1.78698337394074,15.3333333333333
5,"higher_capacity_1000_cap250_met12_ayt12",33,50033,2,1000,250,50,30,1,1,5,3.94418477732131,2.22903908351304,0.557259770878261,0.278629885439131,59,1.89467137448786,1.87679231511422,15.3333333333333
5,"higher_capacity_1000_cap250_met12_ayt12",34,50034,2,1000,250,50,30,1,1,5,5.49591204693557,1.48477332200735,0.371193330501837,0.185596665250919,60,2.09428358035631,2.06043199160096,15.3333333333333
5,"higher_capacity_1000_cap250_met12_ayt12",35,50035,2,1000,250,50,30,1,1,5,3.93539069514177,1.24912485804527,0.312281214511317,0.156140607255659,60,1.62033637825042,1.4657503797513,15.3333333333333
5,"higher_capacity_1000_cap250_met12_ayt12",36,50036,2,1000,250,50,30,1,1,5,5.50855433749885,2.67592600391507,0.668981500978767,0.334490750489384,60,3.14999272076034,3.20124770875843,15.3333333333333
5,"higher_capacity_1000_cap250_met12_ayt12",37,50037,2,1000,250,50,30,1,1,5,2.77371301120654,0.485970377755718,0.12149259443893,0.0607462972194648,59,1.41222953389826,1.23559720100013,15.3333333333333
5,"higher_capacity_1000_cap250_met12_ayt12",38,50038,2,1000,250,50,30,1,1,5,4.30373660712406,1.42215993261784,0.355539983154459,0.17776999157723,60,2.40383832132162,2.53477214472106,15.3333333333333
5,"higher_capacity_1000_cap250_met12_ayt12",39,50039,2,1000,250,50,30,1,1,5,4.28954159008621,2.20056260312851,0.550140650782127,0.275070325391064,60,1.63261962229593,1.68550002619344,15.3333333333333
5,"higher_capacity_1000_cap250_met12_ayt12",40,50040,2,1000,250,50,30,1,1,5,3.34977755729848,0.940879039535785,0.235219759883946,0.117609879941973,60,2.35756176822932,2.28141748679548,15.3333333333333
5,"higher_capacity_1000_cap250_met12_ayt12",41,50041,2,1000,250,50,30,1,1,5,3.39370395369148,1.67279110601884,0.41819777650471,0.209098888252355,60,1.96666960803623,1.93883720570703,15.3333333333333
5,"higher_capacity_1000_cap250_met12_ayt12",42,50042,2,1000,250,50,30,1,1,5,4.2123764454943,2.72886776162544,0.682216940406359,0.341108470203179,60,2.15465150729971,2.32079498598398,15.3333333333333
5,"higher_capacity_1000_cap250_met12_ayt12",43,50043,2,1000,250,50,30,1,1,5,2.98061175297824,1.09237428029608,0.273093570074021,0.13654678503701,59,1.72592497726835,1.75093039720009,15.3333333333333
5,"higher_capacity_1000_cap250_met12_ayt12",44,50044,2,1000,250,50,30,1,1,5,3.85517356101894,1.07760234551578,0.269400586378945,0.134700293189472,59,1.58856554253273,1.63969989452432,15.3333333333333
5,"higher_capacity_1000_cap250_met12_ayt12",45,50045,2,1000,250,50,30,1,1,5,3.32301019996914,1.35326612452464,0.338316531131161,0.16915826556558,59,1.11472513230143,1.09379639957444,15.3333333333333
5,"higher_capacity_1000_cap250_met12_ayt12",46,50046,2,1000,250,50,30,1,1,5,4.51848470796194,2.16120608762345,0.540301521905862,0.270150760952931,58,1.8844686344132,1.95106388142328,15.3333333333333
5,"higher_capacity_1000_cap250_met12_ayt12",47,50047,2,1000,250,50,30,1,1,5,4.0518748253578,1.69764479982347,0.424411199955867,0.212205599977933,60,2.06837452115685,2.04879095366702,15.3333333333333
5,"higher_capacity_1000_cap250_met12_ayt12",48,50048,2,1000,250,50,30,1,1,5,4.36535286244896,1.51398645276193,0.378496613190483,0.189248306595241,60,2.99186361250072,3.05446918082489,15.3333333333333
5,"higher_capacity_1000_cap250_met12_ayt12",49,50049,2,1000,250,50,30,1,1,5,3.6759884361184,1.72157137268208,0.430392843170521,0.215196421585261,58,1.46724606646389,1.49458776357522,15.3333333333333
5,"higher_capacity_1000_cap250_met12_ayt12",50,50050,2,1000,250,50,30,1,1,5,4.72329826654349,1.94444369490397,0.486110923725991,0.243055461862996,60,1.8761803290748,1.84996650904298,15.3333333333333
5,"higher_capacity_1000_cap250_met12_ayt12",51,50051,2,1000,250,50,30,1,1,5,3.22333392242735,0.532509410927193,0.133127352731798,0.0665636763658991,60,1.63608755434342,1.62956654823721,15.3333333333333
5,"higher_capacity_1000_cap250_met12_ayt12",52,50052,2,1000,250,50,30,1,1,5,5.39651361638566,2.14753538078155,0.536883845195388,0.268441922597694,60,2.75784909942385,2.81714773743723,15.3333333333333
5,"higher_capacity_1000_cap250_met12_ayt12",53,50053,2,1000,250,50,30,1,1,5,3.25460721990056,0.790792881361286,0.197698220340322,0.0988491101701608,54,0.890993888469154,0.869249253550879,15.3333333333333
5,"higher_capacity_1000_cap250_met12_ayt12",54,50054,2,1000,250,50,30,1,1,5,3.03986824431535,0.933891049277404,0.233472762319351,0.116736381159675,58,1.16907302170519,1.1413934825837,15.3333333333333
5,"higher_capacity_1000_cap250_met12_ayt12",55,50055,2,1000,250,50,30,1,1,5,2.67423488701146,1.07221940141022,0.268054850352556,0.134027425176278,55,1.1730867489555,1.03703568287727,15.3333333333333
5,"higher_capacity_1000_cap250_met12_ayt12",56,50056,2,1000,250,50,30,1,1,5,2.80816749175852,1.14609628493469,0.286524071233673,0.143262035616836,41,0.657897399632715,0.413575021209507,15.3333333333333
5,"higher_capacity_1000_cap250_met12_ayt12",57,50057,2,1000,250,50,30,1,1,5,4.48837897839843,1.58778002039586,0.396945005098966,0.198472502549483,60,2.15448310315322,2.19191701829344,15.3333333333333
5,"higher_capacity_1000_cap250_met12_ayt12",58,50058,2,1000,250,50,30,1,1,5,4.94322805948053,1.50184943652975,0.375462359132439,0.187731179566219,60,1.79379665655349,1.82640488227235,15.3333333333333
5,"higher_capacity_1000_cap250_met12_ayt12",59,50059,2,1000,250,50,30,1,1,5,3.88734299217278,0.81183020467812,0.20295755116953,0.101478775584765,60,3.17556923731092,3.19238577955098,15.3333333333333
5,"higher_capacity_1000_cap250_met12_ayt12",60,50060,2,1000,250,50,30,1,1,5,5.06029050891432,2.2654115120718,0.56635287801795,0.283176439008975,60,2.77078338016645,2.68113363030199,15.3333333333333
5,"higher_capacity_1000_cap250_met12_ayt12",61,50061,2,1000,250,50,30,1,1,5,4.28772685288532,2.21529630154111,0.553824075385276,0.276912037692638,60,2.04190684812952,2.03427809639708,15.3333333333333
5,"higher_capacity_1000_cap250_met12_ayt12",62,50062,2,1000,250,50,30,1,1,5,3.09576388036128,1.55606331097289,0.389015827743221,0.194507913871611,57,1.05363038764277,0.930266385155317,15.3333333333333
5,"higher_capacity_1000_cap250_met12_ayt12",63,50063,2,1000,250,50,30,1,1,5,4.67077489048132,1.45733648275371,0.364334120688428,0.182167060344214,60,2.13222786652201,1.99807475334274,15.3333333333333
5,"higher_capacity_1000_cap250_met12_ayt12",64,50064,2,1000,250,50,30,1,1,5,4.68359499887514,2.19273938409998,0.548184846024995,0.274092423012497,60,2.02513648720593,1.82179338868912,15.3333333333333
5,"higher_capacity_1000_cap250_met12_ayt12",65,50065,2,1000,250,50,30,1,1,5,4.82755814671895,2.41352423502185,0.603381058755463,0.301690529377732,60,1.87796367287939,2.10259043315767,15.3333333333333
5,"higher_capacity_1000_cap250_met12_ayt12",66,50066,2,1000,250,50,30,1,1,5,3.18816885396747,0.841936925259142,0.210484231314786,0.105242115657393,58,1.51842776249621,1.44506491655933,15.3333333333333
5,"higher_capacity_1000_cap250_met12_ayt12",67,50067,2,1000,250,50,30,1,1,5,3.11342062602783,0.960368060279483,0.240092015069871,0.120046007534935,56,1.10213833162413,1.06314832440373,15.3333333333333
5,"higher_capacity_1000_cap250_met12_ayt12",68,50068,2,1000,250,50,30,1,1,5,5.78036888900073,2.48371075542901,0.620927688857253,0.310463844428627,60,3.26318765902872,3.30307871278543,15.3333333333333
5,"higher_capacity_1000_cap250_met12_ayt12",69,50069,2,1000,250,50,30,1,1,5,5.78570692142833,2.17816416910448,0.544541042276121,0.27227052113806,60,2.49794113928345,2.54566054317933,15.3333333333333
5,"higher_capacity_1000_cap250_met12_ayt12",70,50070,2,1000,250,50,30,1,1,5,5.59420761744975,2.51781572214495,0.629453930536239,0.314726965268119,60,2.87742374248728,2.87821876670602,15.3333333333333
5,"higher_capacity_1000_cap250_met12_ayt12",71,50071,2,1000,250,50,30,1,1,5,2.58748892835421,0.198257957627662,0.0495644894069155,0.0247822447034577,56,1.34821971378541,1.32516642469188,15.3333333333333
5,"higher_capacity_1000_cap250_met12_ayt12",72,50072,2,1000,250,50,30,1,1,5,2.6618539541864,0.484672319568233,0.121168079892058,0.0605840399460292,60,2.04628055727443,1.98824329816661,15.3333333333333
5,"higher_capacity_1000_cap250_met12_ayt12",73,50073,2,1000,250,50,30,1,1,5,4.54068881159679,1.89641279444176,0.474103198610439,0.23705159930522,60,2.12480258217654,2.1358191734961,15.3333333333333
5,"higher_capacity_1000_cap250_met12_ayt12",74,50074,2,1000,250,50,30,1,1,5,2.03520332350239,-0.287552330922439,-0.0718880827306098,-0.0359440413653049,59,1.48454172785148,1.54662715547043,15.3333333333333
5,"higher_capacity_1000_cap250_met12_ayt12",75,50075,2,1000,250,50,30,1,1,5,4.00818612465251,1.41553428425337,0.353883571063343,0.176941785531672,60,2.59127257063854,2.61559610620741,15.3333333333333
5,"higher_capacity_1000_cap250_met12_ayt12",76,50076,2,1000,250,50,30,1,1,5,3.16610606456467,1.25753164440023,0.314382911100057,0.157191455550029,60,1.48511678949201,1.5076760067595,15.3333333333333
5,"higher_capacity_1000_cap250_met12_ayt12",77,50077,2,1000,250,50,30,1,1,5,2.87736166014839,1.10520296548705,0.276300741371763,0.138150370685881,60,2.14935707545155,2.10351600694641,15.3333333333333
5,"higher_capacity_1000_cap250_met12_ayt12",78,50078,2,1000,250,50,30,1,1,5,3.82431144110442,1.2764495332583,0.319112383314576,0.159556191657288,60,1.79926217291745,1.77316623664135,15.3333333333333
5,"higher_capacity_1000_cap250_met12_ayt12",79,50079,2,1000,250,50,30,1,1,5,1.63111660970121,0.0387938288862584,0.00969845722156459,0.0048492286107823,58,1.24509169589637,1.29729241563892,15.3333333333333
5,"higher_capacity_1000_cap250_met12_ayt12",80,50080,2,1000,250,50,30,1,1,5,3.96511058264384,1.3021013355481,0.325525333887025,0.162762666943512,60,2.84229641381155,2.79574093738234,15.3333333333333
5,"higher_capacity_1000_cap250_met12_ayt12",81,50081,2,1000,250,50,30,1,1,5,4.66221829290627,1.87910826642154,0.469777066605384,0.234888533302692,60,2.86702891110156,2.97889844799145,15.3333333333333
5,"higher_capacity_1000_cap250_met12_ayt12",82,50082,2,1000,250,50,30,1,1,5,5.23449803376441,3.27428362446818,0.818570906117045,0.409285453058522,60,2.36881517566718,2.45884241313917,15.3333333333333
5,"higher_capacity_1000_cap250_met12_ayt12",83,50083,2,1000,250,50,30,1,1,5,5.00604818504282,1.67338758080943,0.418346895202358,0.209173447601179,60,2.46480487228819,2.53392724948474,15.3333333333333
5,"higher_capacity_1000_cap250_met12_ayt12",84,50084,2,1000,250,50,30,1,1,5,6.81840715673056,4.02861936373293,1.00715484093323,0.503577420466616,60,2.63531308025106,2.59361959012832,15.3333333333333
5,"higher_capacity_1000_cap250_met12_ayt12",85,50085,2,1000,250,50,30,1,1,5,2.78362714139454,0.594500843730584,0.148625210932646,0.074312605466323,60,1.7228657745943,1.75648265216684,15.3333333333333
5,"higher_capacity_1000_cap250_met12_ayt12",86,50086,2,1000,250,50,30,1,1,5,5.54707809209519,2.81800372348004,0.704500930870011,0.352250465435005,60,2.9594888776166,2.8502457019995,15.3333333333333
5,"higher_capacity_1000_cap250_met12_ayt12",87,50087,2,1000,250,50,30,1,1,5,3.34878781268717,0.562555762166696,0.140638940541674,0.070319470270837,60,1.85713791154332,1.87409104642813,15.3333333333333
5,"higher_capacity_1000_cap250_met12_ayt12",88,50088,2,1000,250,50,30,1,1,5,3.34166467628838,0.677937127869406,0.169484281967352,0.0847421409836758,60,1.57109622818511,1.68497523453686,15.3333333333333
5,"higher_capacity_1000_cap250_met12_ayt12",89,50089,2,1000,250,50,30,1,1,5,4.5985592968136,1.96198015762271,0.490495039405678,0.245247519702839,60,1.86431852985133,1.8296067934064,15.3333333333333
5,"higher_capacity_1000_cap250_met12_ayt12",90,50090,2,1000,250,50,30,1,1,5,3.31487188636576,1.65868475977596,0.414671189943989,0.207335594971995,59,1.62588611930907,1.61054234038839,15.3333333333333
5,"higher_capacity_1000_cap250_met12_ayt12",91,50091,2,1000,250,50,30,1,1,5,3.68909051505127,0.688367859945082,0.17209196498627,0.0860459824931352,60,2.30949060016293,2.38530320056412,15.3333333333333
5,"higher_capacity_1000_cap250_met12_ayt12",92,50092,2,1000,250,50,30,1,1,5,4.71924031430762,0.943891679211324,0.235972919802831,0.117986459901416,60,2.5521915261646,2.46668740479183,15.3333333333333
5,"higher_capacity_1000_cap250_met12_ayt12",93,50093,2,1000,250,50,30,1,1,5,2.52486856251103,1.11472288059191,0.278680720147977,0.139340360073988,60,1.50203803506486,1.67216427134064,15.3333333333333
5,"higher_capacity_1000_cap250_met12_ayt12",94,50094,2,1000,250,50,30,1,1,5,5.71512024300671,2.36243651173058,0.590609127932645,0.295304563966323,60,3.23637393506458,3.23876466550247,15.3333333333333
5,"higher_capacity_1000_cap250_met12_ayt12",95,50095,2,1000,250,50,30,1,1,5,5.07663677027846,1.4470869401484,0.361771735037099,0.18088586751855,60,2.63140536841398,2.69649527570914,15.3333333333333
5,"higher_capacity_1000_cap250_met12_ayt12",96,50096,2,1000,250,50,30,1,1,5,3.75794404422459,1.98755212253947,0.496888030634868,0.248444015317434,60,2.0463481791004,1.96927094645814,15.3333333333333
5,"higher_capacity_1000_cap250_met12_ayt12",97,50097,2,1000,250,50,30,1,1,5,3.79168016194376,0.871824792447299,0.217956198111825,0.108978099055912,51,1.1264005543789,0.977442069338535,15.3333333333333
5,"higher_capacity_1000_cap250_met12_ayt12",98,50098,2,1000,250,50,30,1,1,5,5.65570651423287,2.61674564344154,0.654186410860384,0.327093205430192,60,2.32592666736025,2.47625094740449,15.3333333333333
5,"higher_capacity_1000_cap250_met12_ayt12",99,50099,2,1000,250,50,30,1,1,5,4.40522641698552,1.45041878236619,0.362604695591547,0.181302347795774,60,2.6353836766445,2.74784108845711,15.3333333333333
5,"higher_capacity_1000_cap250_met12_ayt12",100,50100,2,1000,250,50,30,1,1,5,2.67402174728369,0.982034231809798,0.24550855795245,0.122754278976225,53,1.04857957809616,0.996578766144899,15.3333333333333
